year,month,product,severity,category,tickets,resolved,avg_resolution_hours,avg_csat
2024,6,Aido Humanoid,Low,navigation,2,2.0,127.7,3.5
2024,6,Aido Humanoid,High,software,2,2.0,14.7,3.0
2024,6,Aido Humanoid,Medium,connectivity,4,4.0,63.1,4.25
2024,6,Aido Humanoid,Low,connectivity,5,3.0,91.2,3.67
2024,6,Aido Humanoid,High,battery,1,1.0,12.6,4.0
2024,6,Aido Humanoid,Critical,navigation,1,0.0,,
2024,6,Aido Humanoid,High,navigation,1,1.0,25.8,5.0
2024,6,Aido Humanoid,Medium,mechanical,4,3.0,62.9,3.67
2024,6,Aido Humanoid,Critical,battery,1,1.0,6.9,4.0
2024,6,Aido Humanoid,Medium,battery,2,1.0,52.4,2.0
2024,6,Aido Humanoid,Medium,software,3,2.0,62.4,4.0
2024,6,Aido Humanoid,Medium,navigation,2,2.0,36.4,4.0
2024,6,Aido Humanoid,Low,software,1,1.0,199.2,4.0
2024,6,Aido Humanoid,Low,mechanical,1,1.0,94.2,5.0
2024,6,Aido Humanoid,Critical,connectivity,3,3.0,7.9,4.33
2024,6,Aido Rover,Low,navigation,2,2.0,128.1,4.5
2024,6,Aido Rover,Low,connectivity,2,2.0,79.4,4.0
2024,6,Aido Rover,Medium,mechanical,5,5.0,61.5,3.8
2024,6,Aido Rover,Medium,navigation,3,1.0,73.3,4.0
2024,6,Aido Rover,Medium,connectivity,2,2.0,47.0,3.0
2024,6,Aido Rover,High,connectivity,2,2.0,21.6,4.0
2024,6,Aido Rover,Low,battery,1,1.0,6.9,4.0
2024,6,Aido Rover,High,mechanical,1,1.0,1.3,4.0
2024,6,Aido Rover,Critical,connectivity,3,3.0,4.8,3.33
2024,6,Aido Rover,Low,software,3,2.0,117.2,4.5
2024,6,Aido Rover,High,software,1,0.0,,
2024,6,Aido Rover,Medium,software,3,2.0,48.1,2.5
2024,6,Aido Rover,Medium,battery,2,2.0,21.0,2.5
2024,6,Aido Rover,High,navigation,3,1.0,23.2,5.0
2024,6,Aido Rover,High,battery,1,1.0,31.8,4.0
2024,6,Fari,Low,battery,1,1.0,77.4,5.0
2024,6,Fari,High,mechanical,2,2.0,15.7,4.0
2024,6,Fari,Critical,mechanical,1,1.0,5.1,4.0
2024,6,Fari,Low,mechanical,2,2.0,144.0,4.0
2024,6,Fari,High,connectivity,3,3.0,20.1,2.67
2024,6,Fari,Medium,connectivity,1,1.0,4.8,2.0
2024,6,Fari,High,software,2,2.0,12.0,3.0
2024,6,Fari,Medium,mechanical,2,2.0,44.3,3.5
2024,6,Fari,Low,navigation,1,1.0,110.7,4.0
2024,6,Fari,Critical,navigation,1,1.0,3.7,4.0
2024,6,Fari,High,navigation,1,1.0,23.9,2.0
2024,6,Fari,High,battery,1,1.0,12.9,5.0
2024,6,Fari,Medium,navigation,3,2.0,53.2,4.0
2024,6,Fari,Critical,battery,1,1.0,12.2,4.0
2024,6,Fari,Low,software,2,2.0,131.1,4.0
2024,6,Fari,Medium,software,3,3.0,78.9,4.67
2024,6,Fari,Low,connectivity,9,9.0,106.2,4.56
2024,6,Fari,Medium,battery,4,3.0,35.3,4.33
2024,6,Senpai,Medium,connectivity,6,5.0,44.8,4.2
2024,6,Senpai,High,software,2,1.0,18.7,4.0
2024,6,Senpai,Low,battery,4,4.0,100.2,3.0
2024,6,Senpai,Medium,battery,2,2.0,81.4,3.5
2024,6,Senpai,Low,software,5,4.0,128.0,4.0
2024,6,Senpai,Low,mechanical,1,1.0,137.2,1.0
2024,6,Senpai,High,battery,1,1.0,23.5,4.0
2024,6,Senpai,Critical,software,2,2.0,5.9,4.0
2024,6,Senpai,Low,navigation,4,4.0,49.5,4.75
2024,6,Senpai,Medium,navigation,1,1.0,30.5,4.0
2024,6,Senpai,Critical,battery,2,2.0,5.6,4.0
2024,6,Senpai,Critical,mechanical,3,3.0,6.2,4.0
2024,6,Senpai,Critical,navigation,1,1.0,4.7,4.0
2024,6,Senpai,Medium,software,5,5.0,38.5,4.0
2024,6,Senpai,Low,connectivity,4,4.0,81.3,4.25
2024,6,Senpai,High,connectivity,2,2.0,24.4,4.5
2024,6,Senpai,Medium,mechanical,4,4.0,74.5,4.25
2024,6,Sentinel Prime AI,High,navigation,5,4.0,17.4,3.5
2024,6,Sentinel Prime AI,Low,connectivity,2,2.0,124.8,3.5
2024,6,Sentinel Prime AI,High,battery,2,2.0,22.7,4.0
2024,6,Sentinel Prime AI,Medium,software,4,3.0,66.8,3.0
2024,6,Sentinel Prime AI,Low,navigation,4,3.0,134.0,2.67
2024,6,Sentinel Prime AI,High,software,5,4.0,18.3,3.5
2024,6,Sentinel Prime AI,Low,software,2,2.0,112.0,4.5
2024,6,Sentinel Prime AI,Medium,navigation,5,5.0,49.9,4.2
2024,6,Sentinel Prime AI,Low,mechanical,4,4.0,100.9,3.5
2024,6,Sentinel Prime AI,Medium,connectivity,4,3.0,38.5,3.0
2024,6,Sentinel Prime AI,Critical,navigation,1,1.0,1.7,4.0
2024,6,Sentinel Prime AI,High,mechanical,4,4.0,22.4,4.0
2024,6,Sentinel Prime AI,Medium,mechanical,5,3.0,59.9,3.0
2024,6,Sentinel Prime AI,Medium,battery,3,3.0,43.4,4.67
2024,6,Sentinel Prime AI,Critical,mechanical,1,0.0,,
2024,7,Aido Humanoid,High,navigation,1,1.0,22.2,5.0
2024,7,Aido Humanoid,Critical,software,1,1.0,2.4,2.0
2024,7,Aido Humanoid,Medium,connectivity,4,4.0,32.0,4.25
2024,7,Aido Humanoid,Low,battery,4,3.0,49.0,4.0
2024,7,Aido Humanoid,Critical,connectivity,1,1.0,6.5,4.0
2024,7,Aido Humanoid,High,battery,2,2.0,18.6,3.0
2024,7,Aido Humanoid,Medium,battery,2,2.0,30.2,4.5
2024,7,Aido Humanoid,Low,software,3,3.0,59.5,3.33
2024,7,Aido Humanoid,Medium,software,1,1.0,67.1,3.0
2024,7,Aido Humanoid,Low,connectivity,3,3.0,125.1,3.0
2024,7,Aido Humanoid,Critical,navigation,1,1.0,7.5,5.0
2024,7,Aido Humanoid,Critical,battery,1,1.0,2.3,4.0
2024,7,Aido Humanoid,Low,navigation,5,3.0,114.8,3.0
2024,7,Aido Humanoid,Low,mechanical,1,1.0,146.1,4.0
2024,7,Aido Humanoid,Medium,mechanical,3,3.0,45.1,4.33
2024,7,Aido Humanoid,Medium,navigation,3,2.0,62.8,3.5
2024,7,Aido Humanoid,High,mechanical,1,1.0,11.7,4.0
2024,7,Aido Rover,Low,mechanical,3,2.0,51.1,3.5
2024,7,Aido Rover,Medium,software,4,4.0,33.4,4.5
2024,7,Aido Rover,Medium,navigation,7,7.0,44.8,3.71
2024,7,Aido Rover,Low,connectivity,2,2.0,131.5,4.5
2024,7,Aido Rover,Low,navigation,3,3.0,67.4,3.67
2024,7,Aido Rover,Medium,battery,3,3.0,61.3,4.0
2024,7,Aido Rover,High,software,1,1.0,7.8,4.0
2024,7,Aido Rover,Low,battery,3,2.0,121.9,4.5
2024,7,Aido Rover,Medium,connectivity,1,1.0,71.1,5.0
2024,7,Aido Rover,High,battery,3,3.0,12.1,4.0
2024,7,Aido Rover,High,navigation,1,1.0,9.3,5.0
2024,7,Aido Rover,Critical,software,1,1.0,5.4,4.0
2024,7,Aido Rover,High,connectivity,4,3.0,20.5,4.33
2024,7,Aido Rover,High,mechanical,1,1.0,21.3,5.0
2024,7,Aido Rover,Medium,mechanical,5,4.0,51.1,3.0
2024,7,Aido Rover,Low,software,3,2.0,89.1,4.5
2024,7,Fari,Medium,navigation,3,3.0,54.9,4.0
2024,7,Fari,Medium,connectivity,3,3.0,46.4,3.33
2024,7,Fari,High,navigation,4,4.0,18.9,3.0
2024,7,Fari,Critical,mechanical,1,1.0,9.3,5.0
2024,7,Fari,Medium,software,6,6.0,43.4,4.33
2024,7,Fari,Medium,mechanical,4,4.0,42.3,4.0
2024,7,Fari,Critical,battery,1,1.0,9.7,4.0
2024,7,Fari,High,connectivity,4,4.0,12.3,3.25
2024,7,Fari,Low,mechanical,4,4.0,60.4,4.0
2024,7,Fari,Low,navigation,3,3.0,77.7,4.0
2024,7,Fari,Medium,battery,3,3.0,52.6,3.67
2024,7,Fari,High,battery,1,1.0,14.3,3.0
2024,7,Fari,High,software,2,2.0,14.3,3.5
2024,7,Fari,High,mechanical,2,2.0,15.3,3.5
2024,7,Fari,Critical,navigation,1,1.0,6.8,2.0
2024,7,Fari,Low,battery,2,2.0,85.0,3.0
2024,7,Senpai,High,mechanical,2,1.0,24.9,4.0
2024,7,Senpai,Medium,battery,3,2.0,25.3,4.5
2024,7,Senpai,Critical,battery,1,1.0,7.3,5.0
2024,7,Senpai,Low,connectivity,1,1.0,59.9,4.0
2024,7,Senpai,High,connectivity,1,1.0,26.2,4.0
2024,7,Senpai,Low,mechanical,3,3.0,131.4,4.0
2024,7,Senpai,High,navigation,1,1.0,24.7,4.0
2024,7,Senpai,Low,navigation,3,2.0,118.4,4.0
2024,7,Senpai,High,battery,3,3.0,26.8,3.67
2024,7,Senpai,Medium,navigation,3,3.0,20.9,4.67
2024,7,Senpai,Low,software,3,3.0,114.0,4.0
2024,7,Senpai,Low,battery,4,4.0,72.5,4.0
2024,7,Senpai,Medium,connectivity,5,5.0,56.7,4.0
2024,7,Senpai,Medium,software,3,3.0,43.8,4.67
2024,7,Senpai,Medium,mechanical,6,6.0,31.6,3.5
2024,7,Senpai,High,software,3,3.0,23.4,4.33
2024,7,Sentinel Prime AI,Critical,connectivity,1,1.0,9.0,3.0
2024,7,Sentinel Prime AI,Medium,mechanical,2,2.0,45.6,5.0
2024,7,Sentinel Prime AI,Medium,navigation,3,3.0,55.4,2.67
2024,7,Sentinel Prime AI,Medium,battery,2,2.0,42.3,3.0
2024,7,Sentinel Prime AI,High,battery,3,2.0,27.8,4.5
2024,7,Sentinel Prime AI,Low,navigation,1,1.0,38.3,5.0
2024,7,Sentinel Prime AI,High,mechanical,2,2.0,12.6,3.5
2024,7,Sentinel Prime AI,High,navigation,2,2.0,18.3,4.5
2024,7,Sentinel Prime AI,Critical,software,3,2.0,7.6,4.5
2024,7,Sentinel Prime AI,Low,software,6,4.0,83.3,3.25
2024,7,Sentinel Prime AI,Low,connectivity,4,4.0,132.5,3.5
2024,7,Sentinel Prime AI,Critical,navigation,1,1.0,4.9,4.0
2024,7,Sentinel Prime AI,Critical,battery,1,1.0,7.8,3.0
2024,7,Sentinel Prime AI,Medium,connectivity,3,2.0,60.2,4.5
2024,7,Sentinel Prime AI,Medium,software,4,3.0,29.8,4.33
2024,8,Aido Humanoid,Critical,connectivity,2,2.0,5.4,3.0
2024,8,Aido Humanoid,Medium,mechanical,4,2.0,56.0,4.0
2024,8,Aido Humanoid,Critical,navigation,1,1.0,8.3,2.0
2024,8,Aido Humanoid,High,software,1,1.0,28.0,4.0
2024,8,Aido Humanoid,Low,mechanical,2,2.0,94.1,3.5
2024,8,Aido Humanoid,Medium,battery,7,6.0,46.2,3.67
2024,8,Aido Humanoid,Medium,navigation,2,2.0,62.1,3.5
2024,8,Aido Humanoid,Low,battery,1,1.0,128.8,3.0
2024,8,Aido Humanoid,High,connectivity,2,2.0,21.5,3.0
2024,8,Aido Humanoid,High,battery,4,3.0,15.7,4.67
2024,8,Aido Humanoid,Low,connectivity,4,3.0,95.9,4.67
2024,8,Aido Humanoid,Low,navigation,6,4.0,103.8,2.5
2024,8,Aido Humanoid,Critical,software,1,1.0,1.9,3.0
2024,8,Aido Humanoid,High,mechanical,1,1.0,8.7,4.0
2024,8,Aido Humanoid,Medium,connectivity,6,3.0,69.9,3.67
2024,8,Aido Humanoid,Medium,software,3,3.0,54.3,3.67
2024,8,Aido Humanoid,Critical,battery,2,2.0,5.4,4.0
2024,8,Aido Humanoid,High,navigation,1,1.0,23.5,5.0
2024,8,Aido Rover,Critical,battery,1,0.0,,
2024,8,Aido Rover,Medium,software,4,4.0,47.5,4.0
2024,8,Aido Rover,Low,mechanical,3,2.0,159.0,3.5
2024,8,Aido Rover,Low,battery,2,2.0,106.8,4.0
2024,8,Aido Rover,Medium,battery,7,7.0,63.9,3.71
2024,8,Aido Rover,High,connectivity,1,1.0,9.5,4.0
2024,8,Aido Rover,Low,navigation,2,2.0,118.2,3.0
2024,8,Aido Rover,High,mechanical,2,2.0,25.4,5.0
2024,8,Aido Rover,Medium,navigation,5,5.0,56.9,4.8
2024,8,Aido Rover,Medium,connectivity,3,2.0,99.7,5.0
2024,8,Aido Rover,High,battery,1,1.0,18.0,3.0
2024,8,Aido Rover,Medium,mechanical,7,6.0,58.6,4.5
2024,8,Aido Rover,Low,connectivity,4,4.0,86.8,3.5
2024,8,Fari,Medium,software,3,3.0,22.0,4.33
2024,8,Fari,Low,mechanical,1,1.0,136.1,4.0
2024,8,Fari,Critical,software,1,1.0,5.5,4.0
2024,8,Fari,Critical,navigation,2,2.0,6.8,3.0
2024,8,Fari,Low,navigation,3,3.0,92.2,4.0
2024,8,Fari,High,software,1,1.0,33.2,3.0
2024,8,Fari,Low,software,2,2.0,84.2,4.0
2024,8,Fari,High,mechanical,2,1.0,20.7,4.0
2024,8,Fari,High,navigation,3,2.0,24.0,5.0
2024,8,Fari,Medium,battery,1,0.0,,
2024,8,Fari,Medium,connectivity,1,1.0,19.1,5.0
2024,8,Fari,High,connectivity,6,6.0,18.8,4.5
2024,8,Fari,Low,battery,3,3.0,95.0,4.0
2024,8,Fari,High,battery,1,1.0,5.2,4.0
2024,8,Fari,Medium,mechanical,4,4.0,54.4,4.0
2024,8,Fari,Medium,navigation,3,3.0,52.5,4.67
2024,8,Fari,Low,connectivity,4,4.0,107.6,4.25
2024,8,Fari,Critical,battery,1,1.0,4.1,4.0
2024,8,Fari,Critical,connectivity,1,1.0,13.2,4.0
2024,8,Senpai,Medium,software,2,2.0,44.3,3.5
2024,8,Senpai,High,mechanical,3,1.0,21.9,4.0
2024,8,Senpai,Medium,connectivity,2,1.0,27.8,3.0
2024,8,Senpai,Low,connectivity,3,3.0,144.1,3.33
2024,8,Senpai,Medium,battery,2,2.0,47.1,4.0
2024,8,Senpai,Low,navigation,7,7.0,96.8,4.29
2024,8,Senpai,High,battery,1,1.0,15.7,4.0
2024,8,Senpai,High,software,2,2.0,20.6,3.5
2024,8,Senpai,Low,mechanical,2,1.0,96.2,4.0
2024,8,Senpai,High,navigation,3,3.0,16.6,3.67
2024,8,Senpai,Critical,navigation,1,1.0,8.0,1.0
2024,8,Senpai,Low,software,1,0.0,,
2024,8,Senpai,Medium,navigation,5,4.0,72.6,4.0
2024,8,Senpai,Medium,mechanical,4,3.0,66.3,3.67
2024,8,Senpai,Critical,connectivity,1,1.0,11.8,3.0
2024,8,Senpai,Critical,mechanical,2,2.0,8.5,3.5
2024,8,Senpai,High,connectivity,3,3.0,17.0,4.33
2024,8,Senpai,Low,battery,3,3.0,141.8,4.67
2024,8,Sentinel Prime AI,Critical,software,3,3.0,5.8,3.67
2024,8,Sentinel Prime AI,Critical,connectivity,1,1.0,1.3,1.0
2024,8,Sentinel Prime AI,Medium,connectivity,4,4.0,50.6,4.75
2024,8,Sentinel Prime AI,Medium,mechanical,2,2.0,16.3,4.5
2024,8,Sentinel Prime AI,Critical,navigation,1,1.0,4.2,1.0
2024,8,Sentinel Prime AI,Medium,battery,2,1.0,52.6,5.0
2024,8,Sentinel Prime AI,High,navigation,1,1.0,10.0,2.0
2024,8,Sentinel Prime AI,High,mechanical,1,1.0,25.3,4.0
2024,8,Sentinel Prime AI,Medium,navigation,3,3.0,54.3,3.33
2024,8,Sentinel Prime AI,High,battery,2,2.0,23.2,4.0
2024,8,Sentinel Prime AI,Low,battery,2,2.0,102.4,2.0
2024,8,Sentinel Prime AI,Medium,software,5,5.0,50.0,3.6
2024,8,Sentinel Prime AI,Low,mechanical,2,2.0,74.2,3.5
2024,8,Sentinel Prime AI,Low,software,2,2.0,75.9,4.5
2024,8,Sentinel Prime AI,Low,connectivity,6,6.0,85.1,4.33
2024,8,Sentinel Prime AI,High,connectivity,2,2.0,22.8,3.0
2024,8,Sentinel Prime AI,Low,navigation,3,3.0,80.9,3.67
2024,9,Aido Humanoid,Low,connectivity,2,1.0,151.5,4.0
2024,9,Aido Humanoid,Medium,connectivity,3,1.0,48.2,4.0
2024,9,Aido Humanoid,Low,battery,4,4.0,106.4,4.0
2024,9,Aido Humanoid,Critical,connectivity,1,1.0,8.0,4.0
2024,9,Aido Humanoid,High,connectivity,1,1.0,12.7,4.0
2024,9,Aido Humanoid,Critical,navigation,1,1.0,6.4,5.0
2024,9,Aido Humanoid,Medium,navigation,7,7.0,38.7,4.0
2024,9,Aido Humanoid,Medium,battery,10,10.0,53.3,4.2
2024,9,Aido Humanoid,Critical,battery,1,1.0,8.6,5.0
2024,9,Aido Humanoid,High,software,3,3.0,19.2,3.0
2024,9,Aido Humanoid,Medium,software,4,4.0,60.3,3.75
2024,9,Aido Humanoid,Medium,mechanical,4,2.0,66.8,4.0
2024,9,Aido Humanoid,High,battery,2,2.0,23.1,4.0
2024,9,Aido Humanoid,Low,navigation,1,1.0,111.8,4.0
2024,9,Aido Humanoid,Low,software,2,2.0,17.0,2.5
2024,9,Aido Rover,Medium,connectivity,3,3.0,41.6,3.33
2024,9,Aido Rover,High,navigation,4,4.0,18.3,4.0
2024,9,Aido Rover,Medium,battery,1,1.0,18.2,4.0
2024,9,Aido Rover,Medium,software,2,1.0,62.3,3.0
2024,9,Aido Rover,Medium,navigation,7,6.0,50.8,2.83
2024,9,Aido Rover,Medium,mechanical,5,3.0,27.7,4.67
2024,9,Aido Rover,High,connectivity,3,2.0,20.1,3.5
2024,9,Aido Rover,High,software,2,1.0,8.1,5.0
2024,9,Aido Rover,High,mechanical,3,2.0,12.3,3.0
2024,9,Aido Rover,Low,connectivity,3,3.0,86.8,4.33
2024,9,Aido Rover,Low,navigation,2,2.0,64.1,3.0
2024,9,Aido Rover,Low,software,1,1.0,121.9,5.0
2024,9,Aido Rover,Low,mechanical,1,1.0,82.2,4.0
2024,9,Fari,Low,mechanical,2,1.0,76.6,4.0
2024,9,Fari,Low,battery,2,2.0,153.7,5.0
2024,9,Fari,Medium,battery,3,1.0,85.4,4.0
2024,9,Fari,High,mechanical,2,2.0,16.2,4.5
2024,9,Fari,High,battery,2,2.0,28.2,3.5
2024,9,Fari,Medium,connectivity,6,5.0,75.6,4.4
2024,9,Fari,High,connectivity,3,3.0,19.2,3.67
2024,9,Fari,Critical,mechanical,1,0.0,,
2024,9,Fari,Low,navigation,1,1.0,159.4,3.0
2024,9,Fari,Medium,mechanical,2,2.0,35.5,4.0
2024,9,Fari,Critical,battery,1,1.0,7.6,4.0
2024,9,Fari,High,software,2,1.0,11.5,3.0
2024,9,Fari,High,navigation,2,2.0,8.9,4.5
2024,9,Fari,Medium,navigation,4,3.0,40.0,4.33
2024,9,Fari,Medium,software,3,3.0,54.8,4.0
2024,9,Senpai,Low,connectivity,3,3.0,96.9,4.67
2024,9,Senpai,Critical,navigation,1,0.0,,
2024,9,Senpai,Medium,battery,5,4.0,62.0,4.5
2024,9,Senpai,High,navigation,1,1.0,26.8,4.0
2024,9,Senpai,Medium,connectivity,2,2.0,45.2,4.0
2024,9,Senpai,High,connectivity,2,0.0,,
2024,9,Senpai,Medium,mechanical,5,5.0,62.2,3.8
2024,9,Senpai,Critical,connectivity,1,1.0,1.3,4.0
2024,9,Senpai,Low,battery,2,1.0,93.9,5.0
2024,9,Senpai,Low,navigation,5,4.0,113.1,4.0
2024,9,Senpai,Medium,software,7,7.0,43.8,4.43
2024,9,Senpai,High,mechanical,3,2.0,29.2,3.0
2024,9,Senpai,Critical,battery,1,1.0,7.4,4.0
2024,9,Senpai,Low,mechanical,3,3.0,157.1,4.0
2024,9,Senpai,Low,software,3,3.0,139.2,4.33
2024,9,Senpai,Critical,software,1,0.0,,
2024,9,Senpai,Medium,navigation,7,6.0,48.5,4.0
2024,9,Sentinel Prime AI,Low,software,1,1.0,95.8,5.0
2024,9,Sentinel Prime AI,High,connectivity,2,2.0,20.8,4.0
2024,9,Sentinel Prime AI,Low,battery,3,3.0,109.9,3.0
2024,9,Sentinel Prime AI,High,battery,4,4.0,19.5,4.25
2024,9,Sentinel Prime AI,High,navigation,4,2.0,11.5,3.0
2024,9,Sentinel Prime AI,Critical,mechanical,2,2.0,7.4,4.5
2024,9,Sentinel Prime AI,High,software,1,1.0,5.2,2.0
2024,9,Sentinel Prime AI,Medium,software,4,4.0,67.4,2.75
2024,9,Sentinel Prime AI,Medium,mechanical,3,3.0,47.7,3.0
2024,9,Sentinel Prime AI,Low,navigation,3,2.0,75.9,4.5
2024,9,Sentinel Prime AI,Medium,navigation,1,1.0,66.5,4.0
2024,9,Sentinel Prime AI,Medium,connectivity,5,5.0,29.9,3.8
2024,9,Sentinel Prime AI,Critical,connectivity,1,0.0,,
2024,9,Sentinel Prime AI,Medium,battery,3,3.0,47.5,4.33
2024,9,Sentinel Prime AI,Low,mechanical,1,1.0,102.2,5.0
2024,9,Sentinel Prime AI,Low,connectivity,2,2.0,102.6,2.5
2024,10,Aido Humanoid,High,connectivity,1,1.0,7.3,4.0
2024,10,Aido Humanoid,Critical,navigation,1,1.0,9.4,5.0
2024,10,Aido Humanoid,Low,navigation,1,1.0,160.5,5.0
2024,10,Aido Humanoid,Medium,battery,3,3.0,47.3,3.0
2024,10,Aido Humanoid,Low,mechanical,2,2.0,11.6,4.5
2024,10,Aido Humanoid,High,software,3,3.0,19.4,3.33
2024,10,Aido Humanoid,Medium,connectivity,5,4.0,59.2,4.75
2024,10,Aido Humanoid,Medium,navigation,7,6.0,46.4,3.83
2024,10,Aido Humanoid,Low,battery,2,1.0,129.6,4.0
2024,10,Aido Humanoid,High,battery,4,4.0,20.5,4.0
2024,10,Aido Humanoid,Low,software,3,3.0,143.0,4.67
2024,10,Aido Humanoid,Medium,software,4,4.0,61.4,3.75
2024,10,Aido Humanoid,High,navigation,2,2.0,26.3,3.0
2024,10,Aido Humanoid,High,mechanical,1,1.0,41.1,5.0
2024,10,Aido Humanoid,Medium,mechanical,4,4.0,33.7,4.0
2024,10,Aido Rover,Medium,navigation,5,4.0,40.2,4.25
2024,10,Aido Rover,High,battery,2,2.0,23.3,2.5
2024,10,Aido Rover,Medium,software,2,2.0,36.1,5.0
2024,10,Aido Rover,Critical,mechanical,1,1.0,5.8,5.0
2024,10,Aido Rover,High,software,2,2.0,20.7,4.0
2024,10,Aido Rover,High,navigation,1,1.0,18.8,5.0
2024,10,Aido Rover,Low,connectivity,1,1.0,16.8,3.0
2024,10,Aido Rover,High,connectivity,5,5.0,19.9,4.2
2024,10,Aido Rover,Critical,battery,2,2.0,5.8,3.0
2024,10,Aido Rover,High,mechanical,6,6.0,14.1,3.17
2024,10,Aido Rover,Low,mechanical,4,4.0,99.7,4.5
2024,10,Aido Rover,Medium,battery,2,2.0,75.1,4.5
2024,10,Aido Rover,Low,software,1,1.0,34.4,4.0
2024,10,Aido Rover,Low,navigation,5,5.0,117.3,4.0
2024,10,Aido Rover,Medium,mechanical,1,1.0,1.1,4.0
2024,10,Aido Rover,Medium,connectivity,3,3.0,38.7,3.33
2024,10,Fari,Critical,navigation,1,1.0,5.7,5.0
2024,10,Fari,Low,navigation,1,1.0,127.1,4.0
2024,10,Fari,Medium,connectivity,3,3.0,45.1,3.67
2024,10,Fari,Critical,battery,1,1.0,6.9,2.0
2024,10,Fari,Low,connectivity,2,2.0,65.4,3.0
2024,10,Fari,Low,software,2,2.0,102.6,4.5
2024,10,Fari,Medium,software,4,4.0,66.6,4.0
2024,10,Fari,Low,battery,3,3.0,132.1,3.33
2024,10,Fari,High,navigation,2,2.0,8.3,3.0
2024,10,Fari,High,mechanical,1,0.0,,
2024,10,Fari,High,software,4,3.0,17.0,3.0
2024,10,Fari,Low,mechanical,2,1.0,120.8,4.0
2024,10,Fari,High,battery,3,3.0,18.4,3.33
2024,10,Fari,Medium,navigation,2,2.0,89.8,4.0
2024,10,Fari,Medium,mechanical,1,0.0,,
2024,10,Fari,Medium,battery,4,4.0,48.3,3.5
2024,10,Senpai,Medium,connectivity,5,4.0,54.9,4.0
2024,10,Senpai,Critical,mechanical,1,1.0,4.0,3.0
2024,10,Senpai,Critical,navigation,1,1.0,7.8,4.0
2024,10,Senpai,Low,battery,2,2.0,79.6,4.0
2024,10,Senpai,Low,mechanical,2,2.0,74.7,4.0
2024,10,Senpai,Medium,mechanical,2,2.0,41.6,4.5
2024,10,Senpai,High,software,1,1.0,16.7,4.0
2024,10,Senpai,High,battery,3,2.0,23.7,4.5
2024,10,Senpai,Low,navigation,3,3.0,131.8,3.0
2024,10,Senpai,Critical,software,1,1.0,2.1,4.0
2024,10,Senpai,Low,connectivity,5,5.0,85.6,4.2
2024,10,Senpai,High,connectivity,4,4.0,23.4,4.5
2024,10,Senpai,Medium,navigation,4,4.0,58.9,3.75
2024,10,Senpai,Medium,software,2,2.0,43.3,3.5
2024,10,Senpai,High,navigation,3,3.0,24.1,4.33
2024,10,Senpai,Medium,battery,5,5.0,45.2,4.0
2024,10,Sentinel Prime AI,High,software,1,1.0,28.2,3.0
2024,10,Sentinel Prime AI,Low,battery,1,1.0,96.7,5.0
2024,10,Sentinel Prime AI,High,mechanical,1,1.0,6.6,4.0
2024,10,Sentinel Prime AI,Critical,battery,2,2.0,5.6,3.5
2024,10,Sentinel Prime AI,Low,mechanical,3,2.0,130.6,4.5
2024,10,Sentinel Prime AI,Low,connectivity,2,2.0,30.5,3.5
2024,10,Sentinel Prime AI,High,battery,2,2.0,25.5,4.0
2024,10,Sentinel Prime AI,Low,navigation,1,1.0,143.4,2.0
2024,10,Sentinel Prime AI,Medium,software,3,3.0,60.4,4.0
2024,10,Sentinel Prime AI,Critical,software,1,0.0,,
2024,10,Sentinel Prime AI,Medium,mechanical,6,4.0,44.6,4.0
2024,10,Sentinel Prime AI,Medium,navigation,3,3.0,70.4,2.67
2024,10,Sentinel Prime AI,Medium,battery,2,1.0,49.9,4.0
2024,10,Sentinel Prime AI,Medium,connectivity,4,3.0,40.0,3.0
2024,11,Aido Humanoid,Low,navigation,1,1.0,163.2,2.0
2024,11,Aido Humanoid,Critical,connectivity,1,1.0,7.1,4.0
2024,11,Aido Humanoid,High,connectivity,1,1.0,31.2,5.0
2024,11,Aido Humanoid,Critical,software,2,2.0,6.1,4.0
2024,11,Aido Humanoid,High,navigation,2,1.0,15.1,5.0
2024,11,Aido Humanoid,Medium,connectivity,3,2.0,29.2,4.0
2024,11,Aido Humanoid,Critical,navigation,3,2.0,8.3,3.5
2024,11,Aido Humanoid,Medium,navigation,3,2.0,53.5,4.0
2024,11,Aido Humanoid,Medium,battery,2,2.0,36.6,3.5
2024,11,Aido Humanoid,Low,software,2,2.0,36.7,5.0
2024,11,Aido Humanoid,Low,connectivity,1,0.0,,
2024,11,Aido Humanoid,Low,battery,3,3.0,71.6,4.0
2024,11,Aido Humanoid,Medium,mechanical,4,4.0,47.6,4.25
2024,11,Aido Humanoid,Medium,software,4,3.0,57.9,3.33
2024,11,Aido Humanoid,High,mechanical,1,0.0,,
2024,11,Aido Humanoid,Low,mechanical,1,1.0,55.5,1.0
2024,11,Aido Humanoid,Critical,battery,2,2.0,6.5,4.0
2024,11,Aido Humanoid,High,software,3,3.0,29.3,4.33
2024,11,Aido Humanoid,High,battery,6,6.0,16.1,3.17
2024,11,Aido Rover,Medium,navigation,4,2.0,37.1,3.5
2024,11,Aido Rover,Critical,connectivity,2,2.0,10.3,4.5
2024,11,Aido Rover,Medium,software,2,2.0,23.5,4.5
2024,11,Aido Rover,High,mechanical,1,1.0,27.1,5.0
2024,11,Aido Rover,Critical,navigation,1,1.0,10.3,5.0
2024,11,Aido Rover,Critical,software,1,1.0,11.3,3.0
2024,11,Aido Rover,Critical,battery,1,1.0,9.0,5.0
2024,11,Aido Rover,Low,connectivity,1,0.0,,
2024,11,Aido Rover,Low,mechanical,1,1.0,11.5,5.0
2024,11,Aido Rover,Medium,connectivity,1,1.0,19.9,4.0
2024,11,Aido Rover,Low,navigation,3,3.0,114.1,4.0
2024,11,Aido Rover,Medium,battery,2,1.0,87.2,5.0
2024,11,Aido Rover,Low,battery,3,3.0,111.4,4.33
2024,11,Aido Rover,High,battery,2,1.0,23.0,5.0
2024,11,Aido Rover,Medium,mechanical,6,5.0,55.5,4.2
2024,11,Fari,Critical,software,1,1.0,6.4,3.0
2024,11,Fari,Low,mechanical,1,1.0,99.0,5.0
2024,11,Fari,Medium,mechanical,6,6.0,40.4,3.83
2024,11,Fari,High,navigation,3,3.0,13.1,3.67
2024,11,Fari,Critical,battery,1,1.0,6.6,2.0
2024,11,Fari,Low,connectivity,3,3.0,84.8,4.67
2024,11,Fari,Low,navigation,2,1.0,189.8,3.0
2024,11,Fari,High,connectivity,3,2.0,10.7,2.5
2024,11,Fari,Medium,connectivity,5,5.0,51.2,3.8
2024,11,Fari,Medium,navigation,1,1.0,62.5,5.0
2024,11,Fari,Low,software,3,3.0,89.8,2.33
2024,11,Fari,Medium,battery,2,2.0,57.5,4.0
2024,11,Senpai,Low,battery,2,2.0,100.9,4.5
2024,11,Senpai,Critical,battery,1,1.0,6.1,4.0
2024,11,Senpai,Critical,mechanical,1,0.0,,
2024,11,Senpai,Low,navigation,3,3.0,70.8,3.33
2024,11,Senpai,High,battery,1,0.0,,
2024,11,Senpai,Critical,software,1,1.0,9.1,5.0
2024,11,Senpai,Medium,software,3,3.0,51.2,4.0
2024,11,Senpai,Medium,connectivity,5,5.0,36.8,3.8
2024,11,Senpai,Low,connectivity,5,4.0,93.5,4.75
2024,11,Senpai,Medium,battery,6,6.0,56.6,3.33
2024,11,Senpai,Low,software,3,2.0,67.5,4.0
2024,11,Senpai,Medium,navigation,3,3.0,21.6,2.67
2024,11,Senpai,Medium,mechanical,3,3.0,54.6,4.33
2024,11,Senpai,High,mechanical,4,4.0,16.5,2.25
2024,11,Senpai,Critical,navigation,1,0.0,,
2024,11,Sentinel Prime AI,High,battery,2,2.0,22.2,5.0
2024,11,Sentinel Prime AI,High,mechanical,3,3.0,13.2,3.33
2024,11,Sentinel Prime AI,Medium,connectivity,4,3.0,60.1,4.33
2024,11,Sentinel Prime AI,Medium,software,2,2.0,92.1,3.0
2024,11,Sentinel Prime AI,Low,connectivity,3,3.0,160.9,4.67
2024,11,Sentinel Prime AI,Medium,mechanical,5,3.0,62.4,5.0
2024,11,Sentinel Prime AI,High,software,1,1.0,31.5,5.0
2024,11,Sentinel Prime AI,Low,navigation,1,1.0,128.2,5.0
2024,11,Sentinel Prime AI,Medium,navigation,3,3.0,42.8,4.33
2024,11,Sentinel Prime AI,Low,battery,3,3.0,75.3,4.0
2024,11,Sentinel Prime AI,Low,software,1,1.0,130.8,5.0
2024,11,Sentinel Prime AI,Medium,battery,5,4.0,54.4,3.75
2024,11,Sentinel Prime AI,Critical,software,1,1.0,2.5,3.0
2024,11,Sentinel Prime AI,Low,mechanical,4,4.0,117.6,4.25
2024,11,Sentinel Prime AI,High,navigation,4,4.0,16.2,3.75
2024,12,Aido Humanoid,Medium,connectivity,4,2.0,89.6,2.5
2024,12,Aido Humanoid,Medium,battery,3,2.0,51.3,2.5
2024,12,Aido Humanoid,Critical,mechanical,1,1.0,4.4,5.0
2024,12,Aido Humanoid,Medium,software,3,3.0,51.5,3.33
2024,12,Aido Humanoid,High,battery,1,1.0,24.7,4.0
2024,12,Aido Humanoid,Medium,navigation,3,2.0,21.0,2.5
2024,12,Aido Humanoid,High,navigation,1,1.0,32.8,5.0
2024,12,Aido Humanoid,High,connectivity,4,3.0,25.2,4.33
2024,12,Aido Humanoid,Critical,software,1,1.0,2.6,3.0
2024,12,Aido Humanoid,Critical,battery,1,1.0,5.7,4.0
2024,12,Aido Humanoid,Low,software,3,2.0,140.6,4.0
2024,12,Aido Humanoid,High,software,2,2.0,24.8,3.5
2024,12,Aido Humanoid,Medium,mechanical,7,6.0,25.3,3.5
2024,12,Aido Humanoid,Low,navigation,4,3.0,70.6,4.0
2024,12,Aido Humanoid,Low,connectivity,2,2.0,87.0,3.5
2024,12,Aido Rover,Medium,software,4,4.0,48.2,3.25
2024,12,Aido Rover,High,navigation,2,2.0,10.5,3.5
2024,12,Aido Rover,High,mechanical,1,1.0,12.1,2.0
2024,12,Aido Rover,Medium,connectivity,2,2.0,35.4,3.0
2024,12,Aido Rover,Critical,battery,1,1.0,7.4,5.0
2024,12,Aido Rover,Medium,mechanical,7,6.0,39.6,4.0
2024,12,Aido Rover,High,connectivity,2,2.0,20.8,2.5
2024,12,Aido Rover,Medium,battery,2,2.0,52.8,4.5
2024,12,Aido Rover,High,battery,2,2.0,22.1,3.5
2024,12,Aido Rover,Low,battery,7,6.0,117.4,3.83
2024,12,Aido Rover,Medium,navigation,5,5.0,50.8,3.8
2024,12,Aido Rover,Low,mechanical,3,1.0,75.8,1.0
2024,12,Aido Rover,Low,navigation,2,2.0,115.3,4.5
2024,12,Fari,Low,connectivity,2,2.0,107.0,4.0
2024,12,Fari,Low,battery,3,2.0,81.4,2.5
2024,12,Fari,High,software,3,3.0,9.6,4.0
2024,12,Fari,High,battery,2,2.0,17.4,4.0
2024,12,Fari,Medium,connectivity,4,4.0,46.7,4.5
2024,12,Fari,High,mechanical,2,2.0,17.4,4.5
2024,12,Fari,Low,navigation,1,1.0,99.3,3.0
2024,12,Fari,Medium,software,7,6.0,44.6,3.33
2024,12,Fari,Medium,battery,1,1.0,6.3,5.0
2024,12,Fari,Critical,mechanical,2,1.0,7.3,4.0
2024,12,Fari,Low,mechanical,3,3.0,64.5,4.33
2024,12,Fari,Medium,mechanical,2,2.0,59.5,4.0
2024,12,Fari,High,connectivity,2,2.0,20.6,3.5
2024,12,Fari,Medium,navigation,7,4.0,59.6,4.0
2024,12,Fari,High,navigation,4,4.0,19.1,3.25
2024,12,Senpai,Low,battery,1,0.0,,
2024,12,Senpai,High,mechanical,3,3.0,19.9,4.33
2024,12,Senpai,Low,navigation,3,3.0,100.1,3.33
2024,12,Senpai,High,navigation,2,2.0,14.6,4.5
2024,12,Senpai,High,software,2,2.0,29.0,3.5
2024,12,Senpai,Medium,mechanical,5,5.0,49.6,3.8
2024,12,Senpai,Medium,software,3,2.0,61.9,3.5
2024,12,Senpai,Critical,battery,2,2.0,7.7,5.0
2024,12,Senpai,High,battery,1,1.0,18.6,4.0
2024,12,Senpai,High,connectivity,3,3.0,16.9,4.67
2024,12,Senpai,Medium,navigation,5,4.0,27.8,3.25
2024,12,Senpai,Low,mechanical,2,2.0,100.6,4.5
2024,12,Senpai,Medium,connectivity,2,2.0,55.2,3.5
2024,12,Senpai,Low,connectivity,2,2.0,111.2,4.5
2024,12,Senpai,Low,software,3,3.0,103.9,4.33
2024,12,Senpai,Medium,battery,4,3.0,73.1,4.0
2024,12,Sentinel Prime AI,High,connectivity,4,4.0,16.0,3.25
2024,12,Sentinel Prime AI,Medium,software,6,6.0,63.4,3.83
2024,12,Sentinel Prime AI,Low,mechanical,3,2.0,112.3,3.5
2024,12,Sentinel Prime AI,Medium,navigation,3,3.0,49.4,4.0
2024,12,Sentinel Prime AI,High,battery,3,2.0,15.1,4.0
2024,12,Sentinel Prime AI,Medium,mechanical,3,2.0,40.9,5.0
2024,12,Sentinel Prime AI,Critical,connectivity,2,1.0,7.0,4.0
2024,12,Sentinel Prime AI,Critical,mechanical,1,1.0,10.5,4.0
2024,12,Sentinel Prime AI,Critical,software,1,1.0,8.4,1.0
2024,12,Sentinel Prime AI,Low,navigation,1,1.0,75.6,4.0
2024,12,Sentinel Prime AI,Critical,navigation,2,2.0,3.5,3.5
2024,12,Sentinel Prime AI,High,software,2,2.0,19.3,4.0
2024,12,Sentinel Prime AI,Low,connectivity,2,2.0,52.1,2.5
2024,12,Sentinel Prime AI,Low,software,3,2.0,50.0,4.5
2024,12,Sentinel Prime AI,Low,battery,6,5.0,93.8,4.2
2025,1,Aido Humanoid,Low,connectivity,5,5.0,100.0,4.0
2025,1,Aido Humanoid,High,connectivity,1,1.0,2.1,4.0
2025,1,Aido Humanoid,Critical,connectivity,1,1.0,6.2,5.0
2025,1,Aido Humanoid,Medium,connectivity,1,1.0,30.7,4.0
2025,1,Aido Humanoid,Critical,navigation,1,1.0,10.6,5.0
2025,1,Aido Humanoid,Low,navigation,2,2.0,127.1,5.0
2025,1,Aido Humanoid,High,navigation,3,2.0,23.4,3.5
2025,1,Aido Humanoid,Medium,software,5,5.0,55.8,3.2
2025,1,Aido Humanoid,Critical,battery,1,1.0,6.1,4.0
2025,1,Aido Humanoid,Medium,mechanical,7,6.0,40.2,3.5
2025,1,Aido Humanoid,Low,mechanical,5,5.0,83.7,4.2
2025,1,Aido Humanoid,Medium,navigation,3,3.0,50.5,4.33
2025,1,Aido Humanoid,Medium,battery,3,3.0,33.7,3.67
2025,1,Aido Rover,High,mechanical,2,2.0,17.2,3.5
2025,1,Aido Rover,High,navigation,3,3.0,13.3,4.0
2025,1,Aido Rover,Medium,connectivity,3,3.0,59.8,3.67
2025,1,Aido Rover,High,connectivity,1,1.0,30.4,3.0
2025,1,Aido Rover,Medium,navigation,6,6.0,49.6,3.83
2025,1,Aido Rover,Critical,mechanical,1,1.0,6.7,2.0
2025,1,Aido Rover,Low,software,4,4.0,84.1,3.75
2025,1,Aido Rover,Low,navigation,3,3.0,113.7,3.67
2025,1,Aido Rover,Low,battery,2,1.0,101.2,5.0
2025,1,Aido Rover,Medium,mechanical,5,3.0,37.8,3.33
2025,1,Aido Rover,Medium,battery,6,6.0,54.5,4.17
2025,1,Aido Rover,Medium,software,3,2.0,37.0,2.5
2025,1,Aido Rover,High,battery,3,2.0,15.5,3.0
2025,1,Aido Rover,Critical,connectivity,1,1.0,6.5,5.0
2025,1,Aido Rover,High,software,1,1.0,13.4,4.0
2025,1,Aido Rover,Critical,software,1,1.0,5.6,4.0
2025,1,Aido Rover,Low,connectivity,3,2.0,139.0,3.5
2025,1,Aido Rover,Low,mechanical,1,1.0,101.9,4.0
2025,1,Fari,Low,mechanical,4,4.0,98.1,4.5
2025,1,Fari,Critical,connectivity,2,2.0,2.9,4.0
2025,1,Fari,Low,battery,1,1.0,94.5,5.0
2025,1,Fari,High,battery,4,4.0,16.7,4.75
2025,1,Fari,High,mechanical,3,3.0,16.1,3.33
2025,1,Fari,Low,navigation,1,1.0,49.4,3.0
2025,1,Fari,Medium,mechanical,4,3.0,51.2,3.0
2025,1,Fari,Medium,software,2,2.0,30.0,4.5
2025,1,Fari,High,software,4,4.0,28.1,4.75
2025,1,Fari,Medium,connectivity,4,3.0,65.3,4.0
2025,1,Fari,Low,software,3,3.0,101.9,4.33
2025,1,Fari,High,connectivity,1,0.0,,
2025,1,Fari,Medium,battery,1,1.0,42.9,3.0
2025,1,Fari,Critical,battery,2,2.0,6.7,3.5
2025,1,Fari,Critical,navigation,1,1.0,18.8,4.0
2025,1,Fari,Medium,navigation,7,5.0,58.9,3.4
2025,1,Fari,High,navigation,3,3.0,19.0,3.67
2025,1,Senpai,Low,battery,1,0.0,,
2025,1,Senpai,Critical,navigation,2,2.0,8.8,4.5
2025,1,Senpai,Low,connectivity,3,3.0,105.6,3.0
2025,1,Senpai,Low,mechanical,3,3.0,51.0,4.0
2025,1,Senpai,High,connectivity,2,2.0,11.7,4.5
2025,1,Senpai,Critical,mechanical,2,2.0,6.1,3.5
2025,1,Senpai,Low,software,4,4.0,96.2,4.75
2025,1,Senpai,Medium,battery,2,2.0,68.5,4.5
2025,1,Senpai,High,mechanical,4,3.0,20.8,4.33
2025,1,Senpai,Critical,software,1,1.0,12.2,3.0
2025,1,Senpai,High,software,3,3.0,23.0,2.67
2025,1,Senpai,Critical,battery,1,1.0,4.3,4.0
2025,1,Senpai,Medium,software,4,4.0,53.7,4.75
2025,1,Senpai,High,battery,1,1.0,33.6,4.0
2025,1,Senpai,Low,navigation,2,2.0,97.8,5.0
2025,1,Senpai,Medium,connectivity,5,5.0,26.8,3.4
2025,1,Senpai,Medium,mechanical,4,4.0,45.2,4.0
2025,1,Sentinel Prime AI,Medium,battery,1,1.0,70.6,4.0
2025,1,Sentinel Prime AI,Low,navigation,4,4.0,132.8,4.75
2025,1,Sentinel Prime AI,High,connectivity,1,1.0,49.8,4.0
2025,1,Sentinel Prime AI,Low,software,3,2.0,112.1,3.5
2025,1,Sentinel Prime AI,Medium,software,1,0.0,,
2025,1,Sentinel Prime AI,High,battery,5,5.0,22.5,3.8
2025,1,Sentinel Prime AI,Medium,connectivity,2,2.0,45.8,4.5
2025,1,Sentinel Prime AI,Low,mechanical,2,1.0,155.2,5.0
2025,1,Sentinel Prime AI,Medium,mechanical,3,2.0,17.9,3.5
2025,1,Sentinel Prime AI,Low,connectivity,1,1.0,59.9,4.0
2025,1,Sentinel Prime AI,Critical,navigation,2,2.0,7.2,4.5
2025,1,Sentinel Prime AI,High,mechanical,3,3.0,21.9,3.0
2025,1,Sentinel Prime AI,Medium,navigation,5,5.0,43.0,3.8
2025,1,Sentinel Prime AI,Low,battery,2,2.0,83.3,3.5
2025,2,Aido Humanoid,Medium,mechanical,3,3.0,31.0,4.33
2025,2,Aido Humanoid,Low,software,3,3.0,87.0,3.67
2025,2,Aido Humanoid,Low,navigation,3,3.0,76.3,3.67
2025,2,Aido Humanoid,Critical,battery,1,1.0,8.5,4.0
2025,2,Aido Humanoid,Low,connectivity,2,2.0,85.9,4.5
2025,2,Aido Humanoid,Medium,battery,5,5.0,68.1,3.8
2025,2,Aido Humanoid,High,software,1,1.0,16.1,1.0
2025,2,Aido Humanoid,Low,mechanical,2,2.0,19.9,5.0
2025,2,Aido Humanoid,Critical,navigation,1,1.0,3.7,4.0
2025,2,Aido Humanoid,Low,battery,1,1.0,131.9,4.0
2025,2,Aido Humanoid,Medium,connectivity,3,3.0,40.9,4.67
2025,2,Aido Humanoid,Critical,mechanical,2,2.0,4.5,3.0
2025,2,Aido Humanoid,Medium,software,2,2.0,58.3,2.5
2025,2,Aido Humanoid,Critical,connectivity,2,2.0,8.6,4.0
2025,2,Aido Humanoid,Medium,navigation,1,1.0,55.3,4.0
2025,2,Aido Humanoid,High,navigation,1,1.0,31.6,4.0
2025,2,Aido Humanoid,High,mechanical,2,2.0,18.0,4.5
2025,2,Aido Rover,Medium,connectivity,3,3.0,45.7,4.0
2025,2,Aido Rover,High,mechanical,1,1.0,16.6,4.0
2025,2,Aido Rover,Critical,battery,1,1.0,10.7,4.0
2025,2,Aido Rover,Medium,battery,3,3.0,54.9,4.0
2025,2,Aido Rover,Medium,software,5,4.0,32.0,3.5
2025,2,Aido Rover,Critical,connectivity,1,0.0,,
2025,2,Aido Rover,Low,battery,3,3.0,109.0,4.0
2025,2,Aido Rover,Low,mechanical,3,1.0,64.6,4.0
2025,2,Aido Rover,Low,software,1,0.0,,
2025,2,Aido Rover,Low,connectivity,1,1.0,25.6,4.0
2025,2,Aido Rover,Low,navigation,1,1.0,72.7,1.0
2025,2,Aido Rover,High,battery,1,1.0,10.9,4.0
2025,2,Aido Rover,High,navigation,1,1.0,24.2,2.0
2025,2,Aido Rover,High,software,3,3.0,20.9,4.33
2025,2,Aido Rover,Medium,mechanical,6,6.0,66.7,3.83
2025,2,Aido Rover,Medium,navigation,5,5.0,41.1,3.8
2025,2,Aido Rover,High,connectivity,1,1.0,34.1,4.0
2025,2,Aido Rover,Critical,software,3,3.0,8.8,3.67
2025,2,Fari,Medium,software,4,4.0,49.7,3.25
2025,2,Fari,Low,software,3,3.0,72.1,4.0
2025,2,Fari,Medium,battery,4,4.0,63.1,3.75
2025,2,Fari,High,mechanical,2,2.0,24.4,2.5
2025,2,Fari,Critical,navigation,1,1.0,6.7,2.0
2025,2,Fari,Medium,connectivity,4,4.0,24.4,4.0
2025,2,Fari,Low,navigation,2,2.0,91.9,4.5
2025,2,Fari,Medium,mechanical,3,3.0,72.5,3.0
2025,2,Fari,High,software,3,2.0,21.2,3.5
2025,2,Fari,High,connectivity,1,1.0,7.6,5.0
2025,2,Fari,Medium,navigation,4,4.0,68.1,3.5
2025,2,Fari,Low,mechanical,2,2.0,45.3,4.0
2025,2,Fari,High,navigation,1,1.0,25.3,5.0
2025,2,Fari,High,battery,2,2.0,18.0,4.0
2025,2,Fari,Critical,mechanical,1,1.0,9.1,4.0
2025,2,Fari,Low,connectivity,1,1.0,86.5,5.0
2025,2,Fari,Low,battery,1,1.0,91.0,4.0
2025,2,Senpai,Medium,connectivity,4,4.0,80.1,4.25
2025,2,Senpai,Medium,battery,1,0.0,,
2025,2,Senpai,High,software,1,1.0,12.3,5.0
2025,2,Senpai,Low,battery,1,1.0,109.6,5.0
2025,2,Senpai,Medium,mechanical,5,5.0,64.6,4.2
2025,2,Senpai,Critical,connectivity,1,1.0,4.6,3.0
2025,2,Senpai,Low,connectivity,3,3.0,90.2,3.33
2025,2,Senpai,High,connectivity,1,1.0,12.4,3.0
2025,2,Senpai,High,mechanical,3,2.0,10.7,4.0
2025,2,Senpai,Medium,software,4,2.0,31.3,5.0
2025,2,Senpai,Low,mechanical,3,2.0,135.5,3.0
2025,2,Senpai,Critical,navigation,1,1.0,4.6,4.0
2025,2,Senpai,High,battery,3,3.0,22.7,3.67
2025,2,Senpai,Medium,navigation,3,3.0,37.0,2.67
2025,2,Senpai,Low,navigation,2,0.0,,
2025,2,Senpai,High,navigation,1,1.0,21.1,5.0
2025,2,Sentinel Prime AI,Low,battery,2,2.0,154.7,5.0
2025,2,Sentinel Prime AI,Critical,software,1,1.0,8.3,5.0
2025,2,Sentinel Prime AI,High,software,1,1.0,22.2,5.0
2025,2,Sentinel Prime AI,Low,software,3,3.0,105.3,4.67
2025,2,Sentinel Prime AI,Critical,mechanical,1,1.0,9.0,3.0
2025,2,Sentinel Prime AI,Medium,mechanical,6,3.0,50.1,4.33
2025,2,Sentinel Prime AI,High,mechanical,3,3.0,22.7,4.67
2025,2,Sentinel Prime AI,Low,mechanical,1,1.0,140.5,4.0
2025,2,Sentinel Prime AI,Low,connectivity,5,4.0,42.7,3.5
2025,2,Sentinel Prime AI,Medium,battery,5,4.0,37.6,3.25
2025,2,Sentinel Prime AI,High,connectivity,1,1.0,6.5,4.0
2025,2,Sentinel Prime AI,High,navigation,3,3.0,22.3,4.33
2025,2,Sentinel Prime AI,Medium,connectivity,3,3.0,42.9,3.0
2025,2,Sentinel Prime AI,Medium,navigation,1,1.0,65.7,5.0
2025,2,Sentinel Prime AI,High,battery,2,0.0,,
2025,2,Sentinel Prime AI,Medium,software,5,4.0,60.8,4.0
2025,3,Aido Humanoid,Low,mechanical,4,3.0,60.3,4.67
2025,3,Aido Humanoid,Medium,mechanical,3,3.0,62.4,4.67
2025,3,Aido Humanoid,High,connectivity,2,2.0,19.1,4.5
2025,3,Aido Humanoid,Medium,navigation,8,7.0,49.6,4.43
2025,3,Aido Humanoid,High,mechanical,2,2.0,22.5,4.5
2025,3,Aido Humanoid,Low,navigation,1,1.0,74.8,5.0
2025,3,Aido Humanoid,High,software,1,1.0,17.1,3.0
2025,3,Aido Humanoid,Critical,battery,1,1.0,2.9,4.0
2025,3,Aido Humanoid,Medium,battery,3,3.0,53.2,3.33
2025,3,Aido Humanoid,Critical,software,1,1.0,4.4,5.0
2025,3,Aido Humanoid,High,battery,3,3.0,26.0,4.67
2025,3,Aido Humanoid,Low,connectivity,2,2.0,78.2,4.0
2025,3,Aido Humanoid,Medium,connectivity,7,6.0,51.3,3.83
2025,3,Aido Humanoid,Low,battery,1,1.0,171.0,4.0
2025,3,Aido Rover,Medium,battery,3,2.0,45.6,4.0
2025,3,Aido Rover,Medium,mechanical,2,2.0,70.7,4.0
2025,3,Aido Rover,Medium,connectivity,7,5.0,39.5,4.2
2025,3,Aido Rover,Medium,navigation,2,2.0,78.1,4.0
2025,3,Aido Rover,High,software,2,2.0,4.8,2.5
2025,3,Aido Rover,Low,mechanical,6,6.0,72.3,4.0
2025,3,Aido Rover,Critical,connectivity,1,1.0,6.8,4.0
2025,3,Aido Rover,Low,connectivity,2,1.0,158.5,5.0
2025,3,Aido Rover,Low,navigation,8,7.0,70.6,4.14
2025,3,Aido Rover,Critical,mechanical,1,1.0,5.1,4.0
2025,3,Aido Rover,Low,battery,2,2.0,88.8,4.0
2025,3,Aido Rover,Critical,battery,1,1.0,7.9,3.0
2025,3,Aido Rover,High,battery,2,2.0,14.2,3.0
2025,3,Aido Rover,Medium,software,7,5.0,54.3,4.6
2025,3,Aido Rover,Low,software,2,2.0,81.5,3.0
2025,3,Aido Rover,High,connectivity,3,3.0,25.0,3.67
2025,3,Aido Rover,High,mechanical,2,2.0,19.9,4.5
2025,3,Aido Rover,High,navigation,6,6.0,19.2,3.0
2025,3,Fari,High,connectivity,1,1.0,6.3,5.0
2025,3,Fari,Critical,connectivity,1,0.0,,
2025,3,Fari,Low,battery,2,1.0,16.2,5.0
2025,3,Fari,Medium,battery,3,3.0,58.7,4.67
2025,3,Fari,Low,connectivity,3,3.0,105.3,4.0
2025,3,Fari,Medium,connectivity,3,3.0,56.4,4.0
2025,3,Fari,Critical,mechanical,3,3.0,6.2,4.33
2025,3,Fari,Critical,navigation,1,1.0,7.9,3.0
2025,3,Fari,Low,mechanical,3,3.0,110.7,4.67
2025,3,Fari,Medium,mechanical,2,2.0,38.5,3.0
2025,3,Fari,Low,software,3,1.0,65.0,4.0
2025,3,Fari,High,navigation,2,1.0,13.0,5.0
2025,3,Fari,Low,navigation,2,2.0,91.5,5.0
2025,3,Fari,Medium,navigation,6,5.0,53.3,3.6
2025,3,Fari,Medium,software,3,3.0,37.2,4.0
2025,3,Fari,High,mechanical,2,2.0,12.0,3.5
2025,3,Senpai,High,software,1,1.0,21.7,4.0
2025,3,Senpai,Low,navigation,1,1.0,71.0,4.0
2025,3,Senpai,Critical,software,1,1.0,1.4,1.0
2025,3,Senpai,Medium,battery,3,2.0,62.2,5.0
2025,3,Senpai,Critical,battery,1,1.0,5.4,3.0
2025,3,Senpai,High,battery,2,1.0,21.9,5.0
2025,3,Senpai,Critical,connectivity,1,1.0,8.7,4.0
2025,3,Senpai,High,navigation,2,2.0,18.4,5.0
2025,3,Senpai,High,connectivity,1,1.0,18.2,4.0
2025,3,Senpai,Low,mechanical,2,0.0,,
2025,3,Senpai,Low,connectivity,2,2.0,87.5,3.0
2025,3,Senpai,Low,software,1,1.0,84.7,3.0
2025,3,Senpai,Medium,connectivity,6,6.0,51.2,4.33
2025,3,Senpai,Critical,mechanical,2,2.0,7.4,2.0
2025,3,Senpai,High,mechanical,1,1.0,26.0,4.0
2025,3,Senpai,Medium,navigation,8,5.0,26.5,4.0
2025,3,Senpai,Low,battery,3,3.0,73.3,3.0
2025,3,Senpai,Medium,mechanical,2,2.0,44.9,3.5
2025,3,Senpai,Medium,software,6,5.0,40.2,3.6
2025,3,Senpai,Critical,navigation,2,2.0,6.3,2.5
2025,3,Sentinel Prime AI,High,software,1,1.0,23.8,4.0
2025,3,Sentinel Prime AI,Low,battery,3,3.0,98.6,3.67
2025,3,Sentinel Prime AI,Medium,connectivity,2,2.0,76.0,3.0
2025,3,Sentinel Prime AI,Medium,battery,3,2.0,71.9,4.5
2025,3,Sentinel Prime AI,High,mechanical,4,3.0,15.1,4.0
2025,3,Sentinel Prime AI,Medium,software,3,3.0,55.5,4.0
2025,3,Sentinel Prime AI,High,navigation,1,0.0,,
2025,3,Sentinel Prime AI,Low,navigation,3,2.0,147.5,4.5
2025,3,Sentinel Prime AI,High,connectivity,3,2.0,17.5,4.5
2025,3,Sentinel Prime AI,Medium,mechanical,2,1.0,35.4,5.0
2025,3,Sentinel Prime AI,Low,mechanical,1,1.0,143.3,5.0
2025,3,Sentinel Prime AI,Critical,navigation,1,1.0,9.1,5.0
2025,3,Sentinel Prime AI,High,battery,2,2.0,20.2,4.0
2025,3,Sentinel Prime AI,Critical,software,1,1.0,11.1,4.0
2025,3,Sentinel Prime AI,Critical,mechanical,2,2.0,6.1,3.0
2025,3,Sentinel Prime AI,Medium,navigation,2,2.0,56.3,2.0
2025,3,Sentinel Prime AI,Low,software,2,2.0,92.5,4.0
2025,3,Sentinel Prime AI,Low,connectivity,3,3.0,125.2,3.67
2025,4,Aido Humanoid,High,software,1,1.0,34.7,5.0
2025,4,Aido Humanoid,Low,connectivity,2,2.0,141.2,4.0
2025,4,Aido Humanoid,Critical,battery,1,1.0,5.7,5.0
2025,4,Aido Humanoid,Medium,battery,3,2.0,38.5,5.0
2025,4,Aido Humanoid,Medium,connectivity,4,4.0,47.7,3.0
2025,4,Aido Humanoid,Low,mechanical,3,3.0,87.1,5.0
2025,4,Aido Humanoid,Low,battery,1,1.0,132.0,1.0
2025,4,Aido Humanoid,Medium,mechanical,6,4.0,37.5,3.0
2025,4,Aido Humanoid,Low,navigation,3,2.0,112.9,5.0
2025,4,Aido Humanoid,Critical,navigation,2,1.0,4.5,2.0
2025,4,Aido Humanoid,High,battery,2,2.0,16.5,5.0
2025,4,Aido Humanoid,Medium,navigation,6,4.0,37.4,3.75
2025,4,Aido Humanoid,Critical,software,2,2.0,9.3,3.5
2025,4,Aido Humanoid,Critical,connectivity,1,1.0,9.4,2.0
2025,4,Aido Humanoid,High,connectivity,1,1.0,31.4,5.0
2025,4,Aido Humanoid,Medium,software,7,7.0,29.0,3.29
2025,4,Aido Humanoid,Low,software,3,3.0,75.8,4.67
2025,4,Aido Rover,Low,battery,5,4.0,134.7,3.75
2025,4,Aido Rover,Medium,software,4,4.0,42.7,3.0
2025,4,Aido Rover,Low,mechanical,1,1.0,1.0,5.0
2025,4,Aido Rover,High,mechanical,1,1.0,17.4,4.0
2025,4,Aido Rover,Critical,connectivity,1,1.0,7.9,4.0
2025,4,Aido Rover,Medium,mechanical,5,3.0,72.1,4.0
2025,4,Aido Rover,Medium,navigation,6,6.0,52.8,4.17
2025,4,Aido Rover,High,battery,2,2.0,22.3,3.0
2025,4,Aido Rover,Low,software,3,2.0,62.7,5.0
2025,4,Aido Rover,Medium,battery,1,1.0,56.9,5.0
2025,4,Aido Rover,High,software,3,2.0,22.7,3.5
2025,4,Aido Rover,Low,connectivity,3,3.0,78.9,4.0
2025,4,Aido Rover,High,connectivity,4,4.0,27.0,4.25
2025,4,Aido Rover,Medium,connectivity,1,1.0,7.4,4.0
2025,4,Aido Rover,Critical,software,1,1.0,12.4,3.0
2025,4,Aido Rover,High,navigation,2,2.0,25.1,4.0
2025,4,Aido Rover,Critical,navigation,1,1.0,12.4,3.0
2025,4,Aido Rover,Critical,mechanical,1,1.0,4.7,5.0
2025,4,Fari,High,battery,2,2.0,19.7,4.5
2025,4,Fari,Critical,connectivity,2,2.0,7.8,3.0
2025,4,Fari,Medium,software,4,3.0,52.1,4.0
2025,4,Fari,Low,battery,5,4.0,112.9,4.0
2025,4,Fari,Critical,mechanical,1,1.0,11.6,3.0
2025,4,Fari,Low,connectivity,2,2.0,101.8,4.5
2025,4,Fari,Low,software,2,1.0,72.3,3.0
2025,4,Fari,Critical,navigation,1,1.0,8.1,5.0
2025,4,Fari,Low,mechanical,2,1.0,115.9,4.0
2025,4,Fari,Medium,connectivity,5,5.0,72.2,4.0
2025,4,Fari,Medium,navigation,4,4.0,61.9,4.5
2025,4,Fari,Medium,mechanical,3,2.0,51.3,5.0
2025,4,Fari,Low,navigation,3,2.0,70.9,3.0
2025,4,Fari,High,navigation,3,2.0,25.3,4.0
2025,4,Fari,High,mechanical,5,3.0,11.1,3.33
2025,4,Fari,High,connectivity,1,1.0,29.2,4.0
2025,4,Fari,Medium,battery,4,2.0,27.8,4.0
2025,4,Fari,High,software,2,2.0,25.8,4.5
2025,4,Senpai,Medium,connectivity,3,3.0,47.6,4.33
2025,4,Senpai,Low,software,5,4.0,99.5,4.0
2025,4,Senpai,High,battery,2,2.0,17.9,2.0
2025,4,Senpai,High,connectivity,4,3.0,12.7,3.67
2025,4,Senpai,Critical,mechanical,1,0.0,,
2025,4,Senpai,Medium,battery,4,2.0,27.4,4.0
2025,4,Senpai,Critical,connectivity,1,1.0,2.1,4.0
2025,4,Senpai,Low,connectivity,3,3.0,113.8,5.0
2025,4,Senpai,Medium,software,6,4.0,36.7,3.75
2025,4,Senpai,Low,navigation,2,2.0,100.9,3.0
2025,4,Senpai,High,navigation,3,3.0,9.0,3.33
2025,4,Senpai,Medium,navigation,2,1.0,51.6,4.0
2025,4,Senpai,Critical,battery,1,1.0,7.5,4.0
2025,4,Senpai,Critical,navigation,1,1.0,8.8,3.0
2025,4,Senpai,Low,battery,3,2.0,100.2,4.0
2025,4,Senpai,Medium,mechanical,2,2.0,72.2,2.5
2025,4,Sentinel Prime AI,High,navigation,1,1.0,13.2,5.0
2025,4,Sentinel Prime AI,Medium,software,5,5.0,54.2,4.0
2025,4,Sentinel Prime AI,Low,navigation,1,1.0,59.2,4.0
2025,4,Sentinel Prime AI,Medium,connectivity,4,4.0,23.4,4.25
2025,4,Sentinel Prime AI,Critical,navigation,2,2.0,12.5,4.5
2025,4,Sentinel Prime AI,Low,battery,2,2.0,152.1,4.5
2025,4,Sentinel Prime AI,Medium,navigation,1,1.0,29.4,4.0
2025,4,Sentinel Prime AI,Medium,mechanical,4,4.0,31.6,4.25
2025,4,Sentinel Prime AI,High,mechanical,4,4.0,16.3,4.25
2025,4,Sentinel Prime AI,Low,connectivity,3,3.0,105.6,3.0
2025,4,Sentinel Prime AI,High,software,1,1.0,5.5,2.0
2025,4,Sentinel Prime AI,Low,software,1,1.0,47.4,5.0
2025,4,Sentinel Prime AI,Critical,mechanical,1,1.0,7.1,2.0
2025,4,Sentinel Prime AI,Critical,battery,2,2.0,13.5,5.0
2025,4,Sentinel Prime AI,Low,mechanical,1,0.0,,
2025,4,Sentinel Prime AI,Critical,software,2,2.0,5.9,2.5
2025,4,Sentinel Prime AI,Medium,battery,4,4.0,51.9,4.25
2025,5,Aido Humanoid,Critical,software,2,2.0,8.1,5.0
2025,5,Aido Humanoid,High,mechanical,1,1.0,18.3,5.0
2025,5,Aido Humanoid,Critical,connectivity,1,1.0,7.8,4.0
2025,5,Aido Humanoid,Critical,battery,1,1.0,10.2,5.0
2025,5,Aido Humanoid,High,navigation,1,1.0,27.8,4.0
2025,5,Aido Humanoid,High,connectivity,1,1.0,22.7,5.0
2025,5,Aido Humanoid,Medium,battery,2,2.0,56.9,4.5
2025,5,Aido Humanoid,Medium,mechanical,6,3.0,66.9,3.67
2025,5,Aido Humanoid,Medium,connectivity,2,2.0,49.5,2.5
2025,5,Aido Humanoid,Medium,navigation,3,3.0,51.6,3.0
2025,5,Aido Humanoid,High,software,3,3.0,14.9,3.67
2025,5,Aido Humanoid,High,battery,6,5.0,20.0,4.0
2025,5,Aido Humanoid,Low,connectivity,3,3.0,92.5,3.0
2025,5,Aido Humanoid,Low,navigation,1,0.0,,
2025,5,Aido Humanoid,Low,battery,3,3.0,116.6,4.67
2025,5,Aido Humanoid,Medium,software,2,2.0,26.3,4.0
2025,5,Aido Rover,Medium,software,4,3.0,43.3,4.0
2025,5,Aido Rover,Medium,connectivity,3,2.0,42.0,3.5
2025,5,Aido Rover,High,battery,2,2.0,21.3,4.0
2025,5,Aido Rover,High,software,1,1.0,12.6,5.0
2025,5,Aido Rover,Low,mechanical,3,3.0,123.6,4.33
2025,5,Aido Rover,Low,navigation,3,2.0,82.9,5.0
2025,5,Aido Rover,Critical,mechanical,1,1.0,1.8,4.0
2025,5,Aido Rover,Medium,battery,4,4.0,51.9,3.75
2025,5,Aido Rover,Low,software,4,3.0,84.0,2.67
2025,5,Aido Rover,Medium,navigation,2,2.0,53.1,4.5
2025,5,Aido Rover,Critical,software,1,1.0,9.3,4.0
2025,5,Aido Rover,Low,connectivity,4,3.0,119.5,2.67
2025,5,Aido Rover,High,navigation,3,2.0,13.7,4.0
2025,5,Aido Rover,High,connectivity,2,1.0,4.2,5.0
2025,5,Aido Rover,Medium,mechanical,2,2.0,37.7,2.5
2025,5,Aido Rover,High,mechanical,4,4.0,24.2,3.75
2025,5,Fari,Medium,software,4,2.0,74.0,2.5
2025,5,Fari,Medium,connectivity,4,4.0,78.8,3.75
2025,5,Fari,Low,connectivity,1,1.0,117.0,4.0
2025,5,Fari,Low,navigation,1,0.0,,
2025,5,Fari,Critical,software,2,2.0,8.4,5.0
2025,5,Fari,Medium,navigation,8,8.0,48.7,3.88
2025,5,Fari,Medium,battery,8,6.0,39.5,4.0
2025,5,Fari,High,battery,1,1.0,17.3,4.0
2025,5,Fari,High,mechanical,1,1.0,18.3,2.0
2025,5,Fari,Low,battery,4,4.0,62.0,4.25
2025,5,Fari,Critical,connectivity,1,1.0,6.6,3.0
2025,5,Fari,Critical,navigation,1,1.0,10.9,4.0
2025,5,Fari,High,connectivity,1,1.0,5.6,3.0
2025,5,Fari,Medium,mechanical,1,1.0,55.6,4.0
2025,5,Fari,Low,software,2,2.0,114.1,4.5
2025,5,Senpai,Low,battery,1,1.0,106.8,1.0
2025,5,Senpai,High,mechanical,3,3.0,14.1,2.67
2025,5,Senpai,Medium,battery,1,1.0,14.7,4.0
2025,5,Senpai,Medium,software,3,3.0,49.1,4.67
2025,5,Senpai,Critical,connectivity,1,0.0,,
2025,5,Senpai,Medium,mechanical,2,2.0,46.6,4.0
2025,5,Senpai,High,battery,1,1.0,38.7,3.0
2025,5,Senpai,Critical,battery,1,1.0,8.2,4.0
2025,5,Senpai,Medium,navigation,6,4.0,79.4,4.25
2025,5,Senpai,Medium,connectivity,4,3.0,32.7,4.0
2025,5,Senpai,Low,mechanical,2,2.0,62.1,5.0
2025,5,Senpai,High,navigation,3,3.0,25.8,3.33
2025,5,Senpai,High,software,3,3.0,22.0,4.33
2025,5,Senpai,High,connectivity,1,1.0,20.1,4.0
2025,5,Senpai,Low,software,2,1.0,31.1,1.0
2025,5,Sentinel Prime AI,Medium,mechanical,4,4.0,42.6,3.5
2025,5,Sentinel Prime AI,Medium,software,4,4.0,39.8,3.0
2025,5,Sentinel Prime AI,Medium,navigation,5,4.0,56.7,3.75
2025,5,Sentinel Prime AI,Low,battery,3,1.0,121.3,4.0
2025,5,Sentinel Prime AI,High,navigation,1,1.0,29.1,5.0
2025,5,Sentinel Prime AI,Medium,connectivity,6,6.0,51.5,4.0
2025,5,Sentinel Prime AI,Low,connectivity,2,1.0,183.8,4.0
2025,5,Sentinel Prime AI,Low,mechanical,3,3.0,113.6,3.33
2025,5,Sentinel Prime AI,Low,software,3,2.0,95.7,3.0
2025,5,Sentinel Prime AI,High,software,2,2.0,18.1,3.5
2025,5,Sentinel Prime AI,High,connectivity,1,1.0,7.0,5.0
2025,5,Sentinel Prime AI,Critical,mechanical,1,1.0,11.1,4.0
2025,5,Sentinel Prime AI,Medium,battery,6,4.0,62.4,3.75
2025,5,Sentinel Prime AI,Critical,battery,1,0.0,,
2025,5,Sentinel Prime AI,High,mechanical,4,4.0,21.1,4.25
2025,5,Sentinel Prime AI,High,battery,4,4.0,16.4,4.0
2025,6,Aido Humanoid,High,battery,1,1.0,23.6,3.0
2025,6,Aido Humanoid,High,software,1,1.0,12.1,3.0
2025,6,Aido Humanoid,High,connectivity,3,3.0,21.4,4.33
2025,6,Aido Humanoid,Medium,mechanical,3,3.0,26.0,3.33
2025,6,Aido Humanoid,Critical,mechanical,2,2.0,6.9,4.0
2025,6,Aido Humanoid,Critical,navigation,1,1.0,4.2,3.0
2025,6,Aido Humanoid,Medium,battery,4,3.0,42.3,4.33
2025,6,Aido Humanoid,Medium,navigation,4,3.0,63.7,4.67
2025,6,Aido Humanoid,Critical,battery,1,0.0,,
2025,6,Aido Humanoid,Medium,software,2,2.0,58.7,2.5
2025,6,Aido Humanoid,Critical,software,1,1.0,4.6,5.0
2025,6,Aido Humanoid,Low,connectivity,2,2.0,60.4,3.0
2025,6,Aido Humanoid,Low,navigation,2,1.0,165.7,4.0
2025,6,Aido Humanoid,Low,software,4,3.0,153.6,3.33
2025,6,Aido Humanoid,Critical,connectivity,1,0.0,,
2025,6,Aido Humanoid,Low,mechanical,1,1.0,21.1,2.0
2025,6,Aido Humanoid,Low,battery,3,3.0,136.4,4.0
2025,6,Aido Humanoid,Medium,connectivity,3,2.0,36.4,3.0
2025,6,Aido Humanoid,High,mechanical,2,2.0,18.5,3.5
2025,6,Aido Rover,Low,battery,2,2.0,86.3,3.5
2025,6,Aido Rover,Low,connectivity,2,2.0,117.0,4.0
2025,6,Aido Rover,Medium,navigation,2,2.0,42.1,4.0
2025,6,Aido Rover,Medium,mechanical,3,2.0,49.2,4.5
2025,6,Aido Rover,Medium,software,5,5.0,38.8,4.0
2025,6,Aido Rover,Low,mechanical,1,0.0,,
2025,6,Aido Rover,High,navigation,3,3.0,13.9,5.0
2025,6,Aido Rover,Medium,connectivity,5,4.0,44.9,3.5
2025,6,Aido Rover,High,mechanical,1,1.0,23.6,4.0
2025,6,Aido Rover,Low,software,1,1.0,124.6,4.0
2025,6,Aido Rover,Medium,battery,4,4.0,52.5,4.0
2025,6,Aido Rover,Low,navigation,1,1.0,96.6,3.0
2025,6,Fari,Low,battery,2,2.0,137.7,3.5
2025,6,Fari,High,connectivity,4,4.0,23.1,3.75
2025,6,Fari,Critical,battery,1,0.0,,
2025,6,Fari,Critical,software,1,1.0,4.5,5.0
2025,6,Fari,Low,navigation,1,1.0,100.6,4.0
2025,6,Fari,Low,connectivity,2,2.0,91.4,3.0
2025,6,Fari,Low,software,1,1.0,106.7,5.0
2025,6,Fari,Critical,navigation,1,0.0,,
2025,6,Fari,High,battery,3,2.0,30.0,2.5
2025,6,Fari,Medium,navigation,3,2.0,41.8,3.0
2025,6,Fari,High,software,2,2.0,20.4,4.5
2025,6,Fari,High,mechanical,2,2.0,8.2,2.5
2025,6,Fari,Low,mechanical,3,2.0,90.6,4.5
2025,6,Fari,Medium,battery,3,3.0,38.0,4.0
2025,6,Fari,Medium,connectivity,5,3.0,79.2,3.33
2025,6,Fari,Medium,mechanical,3,3.0,39.9,4.0
2025,6,Fari,High,navigation,4,4.0,29.1,4.25
2025,6,Senpai,Medium,connectivity,2,2.0,50.5,2.5
2025,6,Senpai,High,connectivity,2,2.0,15.0,4.5
2025,6,Senpai,Low,software,3,2.0,118.7,3.5
2025,6,Senpai,Medium,mechanical,5,4.0,64.3,4.25
2025,6,Senpai,Critical,connectivity,2,2.0,3.4,4.0
2025,6,Senpai,Low,navigation,2,2.0,54.3,2.5
2025,6,Senpai,High,mechanical,2,2.0,20.3,4.5
2025,6,Senpai,High,software,2,1.0,27.0,5.0
2025,6,Senpai,Critical,navigation,1,1.0,9.6,5.0
2025,6,Senpai,Critical,mechanical,1,1.0,1.5,5.0
2025,6,Senpai,Low,battery,5,5.0,98.3,4.2
2025,6,Senpai,Low,mechanical,3,3.0,121.4,4.67
2025,6,Senpai,Medium,battery,4,4.0,43.3,4.0
2025,6,Senpai,Low,connectivity,2,2.0,23.4,4.5
2025,6,Senpai,High,battery,3,2.0,19.2,4.5
2025,6,Senpai,Medium,navigation,3,3.0,41.0,4.0
2025,6,Senpai,Medium,software,5,4.0,44.6,4.5
2025,6,Sentinel Prime AI,Critical,navigation,1,1.0,9.0,4.0
2025,6,Sentinel Prime AI,High,mechanical,3,2.0,19.7,4.0
2025,6,Sentinel Prime AI,Low,mechanical,2,2.0,72.7,3.5
2025,6,Sentinel Prime AI,Critical,connectivity,1,1.0,6.7,5.0
2025,6,Sentinel Prime AI,Medium,software,4,3.0,35.4,3.0
2025,6,Sentinel Prime AI,Medium,mechanical,4,3.0,57.2,3.67
2025,6,Sentinel Prime AI,Low,software,1,1.0,128.0,1.0
2025,6,Sentinel Prime AI,Medium,connectivity,4,4.0,37.8,3.75
2025,6,Sentinel Prime AI,High,battery,1,1.0,32.9,3.0
2025,6,Sentinel Prime AI,Medium,navigation,3,3.0,39.3,4.0
2025,6,Sentinel Prime AI,Low,connectivity,3,3.0,121.1,3.67
2025,6,Sentinel Prime AI,High,software,1,1.0,36.8,4.0
2025,6,Sentinel Prime AI,Low,navigation,6,6.0,117.3,4.83
2025,6,Sentinel Prime AI,Critical,battery,1,0.0,,
2025,6,Sentinel Prime AI,Medium,battery,3,3.0,34.1,3.67
2025,6,Sentinel Prime AI,Low,battery,2,2.0,33.4,4.0
2025,6,Sentinel Prime AI,High,navigation,2,2.0,15.6,3.5
2025,7,Aido Humanoid,Critical,navigation,1,1.0,2.1,5.0
2025,7,Aido Humanoid,High,battery,1,1.0,25.4,4.0
2025,7,Aido Humanoid,Critical,mechanical,2,2.0,10.4,5.0
2025,7,Aido Humanoid,Medium,mechanical,5,5.0,46.0,3.6
2025,7,Aido Humanoid,Low,connectivity,1,1.0,133.7,4.0
2025,7,Aido Humanoid,Low,navigation,3,3.0,99.8,3.33
2025,7,Aido Humanoid,Critical,battery,2,1.0,6.1,5.0
2025,7,Aido Humanoid,Low,software,1,0.0,,
2025,7,Aido Humanoid,High,mechanical,1,1.0,30.1,2.0
2025,7,Aido Humanoid,High,navigation,2,2.0,16.1,4.5
2025,7,Aido Humanoid,Low,mechanical,2,2.0,86.8,4.5
2025,7,Aido Humanoid,Low,battery,1,1.0,116.7,4.0
2025,7,Aido Humanoid,Medium,battery,7,6.0,45.1,4.0
2025,7,Aido Humanoid,High,connectivity,3,1.0,8.4,5.0
2025,7,Aido Humanoid,Medium,connectivity,2,2.0,35.9,4.5
2025,7,Aido Humanoid,Medium,software,1,1.0,52.4,5.0
2025,7,Aido Humanoid,Medium,navigation,4,3.0,68.9,2.33
2025,7,Aido Rover,Low,software,1,1.0,87.0,5.0
2025,7,Aido Rover,Low,connectivity,3,3.0,114.2,5.0
2025,7,Aido Rover,Medium,software,6,6.0,54.2,4.0
2025,7,Aido Rover,Low,battery,3,3.0,107.3,4.0
2025,7,Aido Rover,High,battery,3,3.0,13.6,4.33
2025,7,Aido Rover,High,connectivity,3,3.0,16.7,4.0
2025,7,Aido Rover,High,mechanical,1,1.0,2.8,5.0
2025,7,Aido Rover,High,navigation,1,1.0,18.5,4.0
2025,7,Aido Rover,Low,mechanical,2,2.0,75.6,4.5
2025,7,Aido Rover,Medium,navigation,3,3.0,39.7,3.33
2025,7,Aido Rover,Critical,software,1,1.0,4.8,5.0
2025,7,Aido Rover,Medium,battery,7,7.0,42.6,3.86
2025,7,Aido Rover,High,software,3,3.0,13.4,4.0
2025,7,Aido Rover,Medium,mechanical,7,7.0,62.5,3.86
2025,7,Aido Rover,Critical,connectivity,3,2.0,2.3,4.0
2025,7,Aido Rover,Medium,connectivity,2,1.0,73.1,4.0
2025,7,Fari,Medium,battery,3,3.0,46.6,3.67
2025,7,Fari,Low,battery,1,1.0,67.3,3.0
2025,7,Fari,Medium,connectivity,4,3.0,38.1,3.67
2025,7,Fari,Critical,navigation,1,1.0,5.4,4.0
2025,7,Fari,High,battery,1,1.0,6.8,3.0
2025,7,Fari,Medium,mechanical,4,4.0,46.8,3.25
2025,7,Fari,Low,mechanical,2,2.0,131.2,4.0
2025,7,Fari,Low,navigation,4,3.0,105.4,3.33
2025,7,Fari,Medium,navigation,3,3.0,55.9,3.0
2025,7,Fari,Low,connectivity,3,3.0,78.9,4.0
2025,7,Fari,Critical,connectivity,2,2.0,7.5,4.5
2025,7,Fari,Critical,battery,1,1.0,11.8,5.0
2025,7,Fari,Low,software,1,1.0,95.8,4.0
2025,7,Fari,High,navigation,2,2.0,14.6,4.5
2025,7,Fari,High,connectivity,1,1.0,3.2,3.0
2025,7,Fari,High,mechanical,1,1.0,3.4,5.0
2025,7,Fari,Medium,software,3,3.0,41.7,3.67
2025,7,Senpai,High,navigation,1,1.0,29.6,3.0
2025,7,Senpai,High,battery,3,3.0,31.1,4.0
2025,7,Senpai,Low,software,1,1.0,121.2,3.0
2025,7,Senpai,Medium,battery,1,0.0,,
2025,7,Senpai,High,connectivity,2,1.0,25.7,1.0
2025,7,Senpai,Low,connectivity,6,6.0,90.1,3.5
2025,7,Senpai,Critical,mechanical,1,1.0,6.0,1.0
2025,7,Senpai,Low,battery,4,4.0,116.9,3.0
2025,7,Senpai,Medium,software,2,2.0,63.4,4.0
2025,7,Senpai,Medium,mechanical,1,1.0,34.9,5.0
2025,7,Senpai,Low,mechanical,6,5.0,135.8,4.4
2025,7,Senpai,Medium,connectivity,4,4.0,65.1,4.25
2025,7,Senpai,Medium,navigation,1,1.0,69.0,4.0
2025,7,Senpai,High,software,1,1.0,13.9,3.0
2025,7,Senpai,High,mechanical,3,3.0,21.8,3.67
2025,7,Senpai,Critical,connectivity,1,1.0,4.5,2.0
2025,7,Senpai,Critical,navigation,1,1.0,4.2,3.0
2025,7,Sentinel Prime AI,High,mechanical,1,1.0,15.4,4.0
2025,7,Sentinel Prime AI,Low,connectivity,3,3.0,66.0,3.67
2025,7,Sentinel Prime AI,Medium,software,7,6.0,50.7,3.83
2025,7,Sentinel Prime AI,Low,software,5,5.0,91.6,4.6
2025,7,Sentinel Prime AI,Low,mechanical,6,5.0,126.9,4.4
2025,7,Sentinel Prime AI,High,software,3,3.0,11.2,4.0
2025,7,Sentinel Prime AI,Medium,navigation,4,3.0,25.2,3.67
2025,7,Sentinel Prime AI,Critical,mechanical,2,2.0,6.3,5.0
2025,7,Sentinel Prime AI,Critical,navigation,2,2.0,3.9,4.0
2025,7,Sentinel Prime AI,Medium,battery,2,2.0,62.4,4.5
2025,7,Sentinel Prime AI,Medium,connectivity,5,5.0,67.6,3.6
2025,7,Sentinel Prime AI,Low,navigation,3,3.0,60.2,2.67
2025,7,Sentinel Prime AI,High,connectivity,3,3.0,29.8,4.33
2025,7,Sentinel Prime AI,Low,battery,2,2.0,132.5,4.0
2025,8,Aido Humanoid,Low,connectivity,2,2.0,98.9,3.0
2025,8,Aido Humanoid,Critical,navigation,1,1.0,6.0,5.0
2025,8,Aido Humanoid,High,battery,1,1.0,35.8,4.0
2025,8,Aido Humanoid,High,software,1,1.0,21.0,4.0
2025,8,Aido Humanoid,Medium,mechanical,4,4.0,18.0,3.25
2025,8,Aido Humanoid,Medium,software,4,4.0,48.9,3.75
2025,8,Aido Humanoid,Low,mechanical,2,2.0,86.1,4.5
2025,8,Aido Humanoid,Critical,mechanical,1,1.0,10.1,5.0
2025,8,Aido Humanoid,High,connectivity,1,0.0,,
2025,8,Aido Humanoid,High,navigation,1,1.0,19.3,4.0
2025,8,Aido Humanoid,Medium,battery,6,6.0,48.9,3.67
2025,8,Aido Humanoid,Medium,navigation,1,1.0,45.3,5.0
2025,8,Aido Humanoid,Low,battery,3,2.0,92.3,5.0
2025,8,Aido Humanoid,High,mechanical,2,2.0,16.6,4.0
2025,8,Aido Humanoid,Critical,software,1,0.0,,
2025,8,Aido Rover,Medium,mechanical,2,2.0,63.8,4.0
2025,8,Aido Rover,Low,navigation,1,1.0,77.4,5.0
2025,8,Aido Rover,High,navigation,4,4.0,15.8,4.0
2025,8,Aido Rover,Medium,navigation,3,3.0,61.7,3.33
2025,8,Aido Rover,High,mechanical,1,0.0,,
2025,8,Aido Rover,Low,software,2,1.0,36.7,3.0
2025,8,Aido Rover,Critical,mechanical,1,1.0,9.8,2.0
2025,8,Aido Rover,Medium,connectivity,4,3.0,37.8,5.0
2025,8,Aido Rover,High,connectivity,1,1.0,16.0,4.0
2025,8,Aido Rover,Low,connectivity,2,2.0,93.1,3.5
2025,8,Aido Rover,Medium,software,8,8.0,46.6,3.75
2025,8,Aido Rover,Critical,battery,1,1.0,10.5,5.0
2025,8,Aido Rover,Low,battery,2,1.0,140.3,4.0
2025,8,Aido Rover,Medium,battery,4,4.0,42.8,3.75
2025,8,Aido Rover,Critical,software,1,1.0,3.2,4.0
2025,8,Aido Rover,Critical,navigation,2,2.0,8.9,4.0
2025,8,Aido Rover,High,software,1,1.0,25.6,3.0
2025,8,Aido Rover,Low,mechanical,4,4.0,121.4,3.0
2025,8,Fari,High,battery,4,1.0,26.3,1.0
2025,8,Fari,High,navigation,1,1.0,21.6,2.0
2025,8,Fari,Low,software,1,1.0,81.2,4.0
2025,8,Fari,High,mechanical,2,2.0,13.6,4.0
2025,8,Fari,Low,mechanical,3,2.0,108.0,5.0
2025,8,Fari,Medium,software,6,6.0,68.0,3.67
2025,8,Fari,Low,navigation,2,1.0,152.7,3.0
2025,8,Fari,Medium,connectivity,6,4.0,65.4,3.0
2025,8,Fari,High,software,3,3.0,16.5,4.33
2025,8,Fari,Medium,mechanical,3,3.0,50.7,3.67
2025,8,Fari,High,connectivity,2,2.0,16.3,4.5
2025,8,Fari,Medium,navigation,6,6.0,57.4,3.33
2025,8,Fari,Medium,battery,2,2.0,34.0,5.0
2025,8,Fari,Low,battery,5,5.0,141.8,4.2
2025,8,Senpai,High,connectivity,5,5.0,16.5,3.6
2025,8,Senpai,High,mechanical,2,2.0,23.6,4.0
2025,8,Senpai,Medium,mechanical,6,4.0,54.0,3.75
2025,8,Senpai,Low,battery,2,2.0,132.7,5.0
2025,8,Senpai,Low,connectivity,1,1.0,91.7,4.0
2025,8,Senpai,Medium,navigation,2,1.0,71.7,4.0
2025,8,Senpai,Low,navigation,1,1.0,95.9,5.0
2025,8,Senpai,Critical,software,1,1.0,11.5,5.0
2025,8,Senpai,Low,software,2,2.0,132.9,4.0
2025,8,Senpai,Medium,software,3,3.0,49.5,4.0
2025,8,Senpai,High,battery,1,0.0,,
2025,8,Senpai,Medium,battery,7,6.0,45.3,4.5
2025,8,Senpai,Critical,battery,1,1.0,10.1,2.0
2025,8,Senpai,High,navigation,5,5.0,18.2,4.0
2025,8,Senpai,High,software,2,2.0,14.2,3.0
2025,8,Senpai,Critical,mechanical,3,3.0,5.4,4.67
2025,8,Sentinel Prime AI,Medium,mechanical,3,2.0,54.2,4.5
2025,8,Sentinel Prime AI,High,connectivity,2,2.0,15.7,1.0
2025,8,Sentinel Prime AI,Medium,battery,4,3.0,48.9,4.0
2025,8,Sentinel Prime AI,High,mechanical,2,2.0,9.6,4.0
2025,8,Sentinel Prime AI,High,battery,1,1.0,27.5,4.0
2025,8,Sentinel Prime AI,Medium,connectivity,4,3.0,32.1,3.33
2025,8,Sentinel Prime AI,High,software,1,1.0,22.5,3.0
2025,8,Sentinel Prime AI,Low,connectivity,2,2.0,90.8,4.5
2025,8,Sentinel Prime AI,Low,navigation,4,3.0,92.4,3.33
2025,8,Sentinel Prime AI,Critical,mechanical,1,1.0,6.2,5.0
2025,8,Sentinel Prime AI,Critical,connectivity,2,2.0,8.2,3.5
2025,8,Sentinel Prime AI,Medium,navigation,7,6.0,63.5,4.33
2025,8,Sentinel Prime AI,Medium,software,3,2.0,68.3,3.5
2025,8,Sentinel Prime AI,Low,software,1,1.0,101.3,4.0
2025,8,Sentinel Prime AI,Low,mechanical,1,1.0,156.4,3.0
2025,9,Aido Humanoid,Low,connectivity,3,3.0,55.7,4.0
2025,9,Aido Humanoid,Low,software,2,2.0,109.2,4.5
2025,9,Aido Humanoid,Low,battery,2,2.0,183.7,5.0
2025,9,Aido Humanoid,Medium,connectivity,3,3.0,49.1,4.0
2025,9,Aido Humanoid,High,connectivity,5,5.0,20.1,3.8
2025,9,Aido Humanoid,Critical,connectivity,1,1.0,8.8,5.0
2025,9,Aido Humanoid,Medium,navigation,3,2.0,52.7,4.0
2025,9,Aido Humanoid,High,battery,1,1.0,17.0,3.0
2025,9,Aido Humanoid,High,software,3,3.0,24.9,4.0
2025,9,Aido Humanoid,Low,mechanical,2,2.0,91.8,2.5
2025,9,Aido Humanoid,Critical,mechanical,1,1.0,14.0,2.0
2025,9,Aido Humanoid,Medium,battery,4,3.0,49.7,3.67
2025,9,Aido Humanoid,Medium,mechanical,4,2.0,63.0,3.5
2025,9,Aido Humanoid,Low,navigation,2,2.0,148.4,2.0
2025,9,Aido Humanoid,Medium,software,3,3.0,40.5,4.0
2025,9,Aido Humanoid,High,mechanical,4,2.0,32.2,3.5
2025,9,Aido Humanoid,High,navigation,2,2.0,24.7,4.5
2025,9,Aido Rover,Medium,connectivity,3,3.0,42.8,4.0
2025,9,Aido Rover,High,software,1,0.0,,
2025,9,Aido Rover,Medium,mechanical,2,2.0,54.0,3.5
2025,9,Aido Rover,Low,mechanical,3,3.0,90.9,3.67
2025,9,Aido Rover,High,connectivity,1,1.0,12.1,5.0
2025,9,Aido Rover,Low,connectivity,4,4.0,92.0,3.75
2025,9,Aido Rover,High,battery,3,3.0,22.5,4.0
2025,9,Aido Rover,Critical,navigation,2,2.0,4.8,4.5
2025,9,Aido Rover,Medium,software,7,7.0,65.2,3.57
2025,9,Aido Rover,Medium,navigation,5,3.0,46.2,3.67
2025,9,Aido Rover,Low,software,4,4.0,129.9,2.5
2025,9,Aido Rover,Critical,software,1,1.0,4.1,3.0
2025,9,Aido Rover,Medium,battery,4,4.0,31.6,4.75
2025,9,Aido Rover,High,mechanical,1,0.0,,
2025,9,Aido Rover,High,navigation,2,2.0,21.1,4.5
2025,9,Aido Rover,Critical,connectivity,1,1.0,8.0,2.0
2025,9,Aido Rover,Low,navigation,4,4.0,118.6,3.75
2025,9,Fari,High,battery,1,1.0,16.8,4.0
2025,9,Fari,Low,navigation,1,1.0,100.5,4.0
2025,9,Fari,Low,connectivity,3,3.0,56.6,4.0
2025,9,Fari,Critical,software,3,3.0,7.6,4.33
2025,9,Fari,High,software,2,2.0,12.1,4.5
2025,9,Fari,Medium,battery,3,3.0,53.8,2.67
2025,9,Fari,Critical,mechanical,1,1.0,1.4,4.0
2025,9,Fari,Medium,mechanical,4,4.0,56.5,4.0
2025,9,Fari,Medium,navigation,2,2.0,64.9,2.5
2025,9,Fari,Low,software,1,1.0,62.3,2.0
2025,9,Fari,High,navigation,2,2.0,20.7,4.0
2025,9,Fari,Medium,software,5,5.0,54.5,3.4
2025,9,Fari,High,mechanical,1,0.0,,
2025,9,Fari,Low,battery,2,2.0,107.8,3.0
2025,9,Fari,Medium,connectivity,3,3.0,25.5,4.33
2025,9,Fari,Critical,connectivity,1,0.0,,
2025,9,Senpai,Critical,connectivity,1,1.0,5.3,5.0
2025,9,Senpai,Medium,navigation,1,1.0,35.1,3.0
2025,9,Senpai,Low,software,1,1.0,50.3,1.0
2025,9,Senpai,High,navigation,1,1.0,11.7,4.0
2025,9,Senpai,High,mechanical,3,1.0,31.4,2.0
2025,9,Senpai,High,connectivity,2,2.0,17.7,3.0
2025,9,Senpai,High,software,1,0.0,,
2025,9,Senpai,High,battery,2,2.0,28.0,4.5
2025,9,Senpai,Low,battery,4,3.0,107.5,4.0
2025,9,Senpai,Medium,software,3,3.0,56.8,4.33
2025,9,Senpai,Medium,connectivity,2,2.0,61.0,4.5
2025,9,Senpai,Medium,mechanical,3,3.0,53.4,4.0
2025,9,Senpai,Critical,navigation,1,1.0,9.5,5.0
2025,9,Senpai,Critical,software,1,1.0,9.9,4.0
2025,9,Senpai,Low,connectivity,3,3.0,58.7,3.0
2025,9,Senpai,Medium,battery,5,5.0,52.1,4.8
2025,9,Senpai,Low,navigation,2,2.0,69.8,5.0
2025,9,Sentinel Prime AI,Low,battery,2,2.0,37.8,2.5
2025,9,Sentinel Prime AI,Critical,connectivity,1,1.0,7.1,1.0
2025,9,Sentinel Prime AI,High,navigation,1,0.0,,
2025,9,Sentinel Prime AI,Medium,software,6,6.0,51.6,3.83
2025,9,Sentinel Prime AI,Medium,mechanical,3,3.0,18.2,4.0
2025,9,Sentinel Prime AI,High,connectivity,3,3.0,23.5,3.67
2025,9,Sentinel Prime AI,High,mechanical,1,1.0,12.6,5.0
2025,9,Sentinel Prime AI,Medium,battery,5,5.0,47.6,3.8
2025,9,Sentinel Prime AI,Low,software,3,2.0,78.9,3.0
2025,9,Sentinel Prime AI,High,software,1,1.0,25.3,4.0
2025,9,Sentinel Prime AI,Medium,navigation,3,2.0,47.2,4.0
2025,9,Sentinel Prime AI,Low,mechanical,3,3.0,83.8,4.0
2025,9,Sentinel Prime AI,Low,connectivity,3,3.0,95.5,4.0
2025,9,Sentinel Prime AI,Critical,software,4,4.0,8.3,3.25
2025,9,Sentinel Prime AI,Medium,connectivity,4,3.0,57.2,4.67
2025,9,Sentinel Prime AI,High,battery,4,2.0,17.4,3.5
2025,9,Sentinel Prime AI,Low,navigation,1,1.0,160.4,1.0
2025,10,Aido Humanoid,High,software,1,1.0,1.4,4.0
2025,10,Aido Humanoid,Critical,software,1,1.0,9.2,4.0
2025,10,Aido Humanoid,Medium,connectivity,2,2.0,59.5,3.5
2025,10,Aido Humanoid,Medium,software,1,1.0,43.9,4.0
2025,10,Aido Humanoid,Medium,battery,5,5.0,32.1,3.6
2025,10,Aido Humanoid,Low,battery,1,1.0,118.2,4.0
2025,10,Aido Humanoid,Low,connectivity,4,4.0,100.8,3.75
2025,10,Aido Humanoid,Critical,connectivity,2,2.0,2.2,4.0
2025,10,Aido Humanoid,Medium,navigation,3,2.0,45.3,4.0
2025,10,Aido Humanoid,High,navigation,1,1.0,25.5,1.0
2025,10,Aido Humanoid,Medium,mechanical,4,4.0,46.4,4.25
2025,10,Aido Humanoid,Low,software,1,1.0,63.6,3.0
2025,10,Aido Humanoid,High,mechanical,4,4.0,18.6,4.5
2025,10,Aido Humanoid,High,connectivity,3,1.0,22.9,4.0
2025,10,Aido Humanoid,Low,navigation,2,2.0,74.1,3.5
2025,10,Aido Humanoid,Low,mechanical,1,0.0,,
2025,10,Aido Rover,Medium,battery,1,1.0,65.5,5.0
2025,10,Aido Rover,Low,software,1,1.0,63.7,4.0
2025,10,Aido Rover,Low,battery,1,1.0,91.8,2.0
2025,10,Aido Rover,Medium,connectivity,2,1.0,38.5,2.0
2025,10,Aido Rover,High,mechanical,3,3.0,21.8,2.33
2025,10,Aido Rover,Critical,software,1,0.0,,
2025,10,Aido Rover,High,navigation,2,1.0,4.7,4.0
2025,10,Aido Rover,High,battery,1,1.0,10.3,5.0
2025,10,Aido Rover,Medium,mechanical,2,2.0,28.6,3.5
2025,10,Aido Rover,Low,navigation,2,2.0,86.5,4.0
2025,10,Aido Rover,Low,mechanical,2,2.0,152.9,4.0
2025,10,Aido Rover,Medium,software,7,7.0,48.4,3.86
2025,10,Aido Rover,High,software,1,1.0,12.7,4.0
2025,10,Aido Rover,Medium,navigation,6,6.0,33.2,4.33
2025,10,Fari,Low,battery,3,3.0,106.3,4.33
2025,10,Fari,Low,mechanical,1,1.0,66.0,4.0
2025,10,Fari,Medium,connectivity,9,9.0,57.5,3.67
2025,10,Fari,High,connectivity,2,2.0,18.9,4.0
2025,10,Fari,High,battery,1,1.0,10.0,3.0
2025,10,Fari,Critical,battery,1,1.0,10.0,1.0
2025,10,Fari,Medium,software,4,4.0,34.9,4.0
2025,10,Fari,Medium,navigation,6,4.0,63.0,4.5
2025,10,Fari,Low,navigation,4,3.0,105.3,4.67
2025,10,Fari,High,mechanical,1,1.0,20.0,5.0
2025,10,Fari,Low,software,1,1.0,147.6,4.0
2025,10,Fari,High,navigation,2,2.0,16.5,2.5
2025,10,Fari,Medium,mechanical,6,6.0,34.1,3.67
2025,10,Fari,Critical,software,1,1.0,9.0,2.0
2025,10,Fari,Medium,battery,6,6.0,35.9,3.67
2025,10,Senpai,Medium,battery,5,5.0,39.3,4.4
2025,10,Senpai,High,connectivity,2,2.0,22.6,4.0
2025,10,Senpai,Low,mechanical,3,3.0,104.2,4.33
2025,10,Senpai,Low,software,3,3.0,130.5,4.33
2025,10,Senpai,High,mechanical,2,2.0,16.3,4.0
2025,10,Senpai,High,battery,1,1.0,21.1,4.0
2025,10,Senpai,Low,connectivity,1,1.0,66.5,4.0
2025,10,Senpai,Medium,software,6,6.0,45.2,4.17
2025,10,Senpai,Medium,navigation,4,4.0,58.7,3.25
2025,10,Senpai,Critical,battery,1,1.0,11.0,3.0
2025,10,Senpai,Critical,mechanical,1,1.0,4.8,5.0
2025,10,Senpai,Medium,connectivity,5,4.0,58.1,4.75
2025,10,Senpai,Critical,connectivity,1,1.0,8.4,1.0
2025,10,Senpai,High,software,2,2.0,15.8,4.0
2025,10,Senpai,Medium,mechanical,6,6.0,55.4,3.83
2025,10,Senpai,Low,navigation,2,2.0,100.8,4.0
2025,10,Senpai,Low,battery,3,3.0,133.2,4.67
2025,10,Senpai,High,navigation,3,3.0,26.4,4.33
2025,10,Sentinel Prime AI,Low,mechanical,1,1.0,124.9,4.0
2025,10,Sentinel Prime AI,High,software,4,3.0,28.1,4.33
2025,10,Sentinel Prime AI,Critical,connectivity,2,2.0,6.6,4.0
2025,10,Sentinel Prime AI,Medium,battery,4,2.0,18.7,4.0
2025,10,Sentinel Prime AI,High,navigation,2,2.0,14.5,3.5
2025,10,Sentinel Prime AI,Low,connectivity,4,3.0,101.0,3.33
2025,10,Sentinel Prime AI,Low,navigation,1,1.0,124.2,4.0
2025,10,Sentinel Prime AI,Low,battery,1,0.0,,
2025,10,Sentinel Prime AI,Low,software,2,2.0,67.7,5.0
2025,10,Sentinel Prime AI,Critical,navigation,1,1.0,11.5,5.0
2025,10,Sentinel Prime AI,Critical,mechanical,3,3.0,6.2,2.67
2025,10,Sentinel Prime AI,High,connectivity,1,1.0,7.1,4.0
2025,10,Sentinel Prime AI,High,battery,2,2.0,21.3,4.0
2025,10,Sentinel Prime AI,Medium,connectivity,5,5.0,55.7,3.6
2025,10,Sentinel Prime AI,Medium,navigation,4,4.0,51.8,3.5
2025,10,Sentinel Prime AI,High,mechanical,3,3.0,23.7,4.33
2025,10,Sentinel Prime AI,Medium,software,4,4.0,46.4,4.25
2025,10,Sentinel Prime AI,Medium,mechanical,6,5.0,56.6,3.8
2025,11,Aido Humanoid,Medium,battery,5,5.0,44.1,4.4
2025,11,Aido Humanoid,Medium,software,2,2.0,35.0,4.5
2025,11,Aido Humanoid,High,battery,2,2.0,27.1,4.5
2025,11,Aido Humanoid,Medium,navigation,4,4.0,52.6,2.75
2025,11,Aido Humanoid,Critical,connectivity,1,1.0,3.9,4.0
2025,11,Aido Humanoid,Low,software,1,1.0,70.0,1.0
2025,11,Aido Humanoid,High,mechanical,1,1.0,20.2,3.0
2025,11,Aido Humanoid,High,navigation,2,2.0,28.4,4.0
2025,11,Aido Humanoid,High,connectivity,1,1.0,20.8,1.0
2025,11,Aido Humanoid,Low,navigation,2,2.0,155.3,4.0
2025,11,Aido Humanoid,Medium,mechanical,3,3.0,46.0,4.67
2025,11,Aido Humanoid,Low,mechanical,1,1.0,82.2,4.0
2025,11,Aido Humanoid,Medium,connectivity,4,4.0,67.9,4.75
2025,11,Aido Humanoid,Low,battery,1,1.0,131.1,4.0
2025,11,Aido Humanoid,Low,connectivity,2,2.0,99.5,3.5
2025,11,Aido Rover,Medium,battery,9,7.0,61.3,4.29
2025,11,Aido Rover,Medium,navigation,2,2.0,46.4,2.5
2025,11,Aido Rover,Low,navigation,2,2.0,109.8,4.5
2025,11,Aido Rover,High,battery,4,3.0,21.9,3.67
2025,11,Aido Rover,High,navigation,3,3.0,32.4,3.33
2025,11,Aido Rover,High,software,2,2.0,19.8,4.5
2025,11,Aido Rover,Low,software,1,1.0,128.5,4.0
2025,11,Aido Rover,High,mechanical,1,1.0,28.7,5.0
2025,11,Aido Rover,Medium,software,2,2.0,84.2,2.5
2025,11,Aido Rover,Low,connectivity,1,1.0,71.3,3.0
2025,11,Aido Rover,Critical,navigation,2,2.0,8.0,3.5
2025,11,Aido Rover,Medium,mechanical,6,4.0,39.6,4.25
2025,11,Aido Rover,High,connectivity,3,3.0,14.2,4.33
2025,11,Aido Rover,Low,mechanical,3,3.0,147.9,4.0
2025,11,Aido Rover,Medium,connectivity,9,7.0,44.1,3.14
2025,11,Aido Rover,Low,battery,2,2.0,84.8,4.5
2025,11,Fari,Medium,mechanical,2,1.0,75.2,4.0
2025,11,Fari,High,software,2,2.0,23.0,3.0
2025,11,Fari,Low,software,4,3.0,117.0,4.0
2025,11,Fari,Low,connectivity,2,2.0,101.4,3.5
2025,11,Fari,High,mechanical,1,1.0,2.4,4.0
2025,11,Fari,Medium,software,5,5.0,59.2,4.6
2025,11,Fari,High,connectivity,1,1.0,8.6,5.0
2025,11,Fari,Low,mechanical,3,3.0,91.2,4.33
2025,11,Fari,Medium,navigation,2,2.0,75.5,4.5
2025,11,Fari,Low,navigation,1,1.0,55.0,4.0
2025,11,Fari,Medium,battery,3,3.0,49.9,4.33
2025,11,Fari,Low,battery,2,2.0,132.6,4.5
2025,11,Fari,High,battery,4,4.0,17.2,3.5
2025,11,Fari,Medium,connectivity,3,3.0,25.7,4.33
2025,11,Senpai,Low,software,4,4.0,111.4,4.75
2025,11,Senpai,High,mechanical,3,3.0,12.0,4.33
2025,11,Senpai,Critical,mechanical,1,1.0,7.6,4.0
2025,11,Senpai,Medium,software,3,2.0,51.9,4.5
2025,11,Senpai,Medium,battery,5,5.0,66.5,3.8
2025,11,Senpai,Low,battery,1,1.0,188.3,3.0
2025,11,Senpai,Critical,software,3,3.0,9.2,4.33
2025,11,Senpai,Critical,battery,1,1.0,5.2,4.0
2025,11,Senpai,High,navigation,3,3.0,10.8,4.33
2025,11,Senpai,Medium,mechanical,1,0.0,,
2025,11,Senpai,Low,connectivity,1,1.0,162.4,4.0
2025,11,Senpai,Critical,connectivity,2,2.0,8.0,3.0
2025,11,Senpai,Medium,navigation,6,5.0,57.2,4.0
2025,11,Senpai,Medium,connectivity,4,3.0,53.3,3.67
2025,11,Senpai,Low,navigation,2,2.0,110.3,4.0
2025,11,Senpai,Low,mechanical,1,1.0,145.2,2.0
2025,11,Sentinel Prime AI,High,software,2,2.0,19.6,3.5
2025,11,Sentinel Prime AI,Low,connectivity,2,2.0,123.9,3.0
2025,11,Sentinel Prime AI,High,navigation,2,1.0,24.2,4.0
2025,11,Sentinel Prime AI,Low,mechanical,3,3.0,117.2,4.0
2025,11,Sentinel Prime AI,Medium,software,4,4.0,32.9,2.5
2025,11,Sentinel Prime AI,Low,battery,3,1.0,123.5,4.0
2025,11,Sentinel Prime AI,Low,navigation,2,2.0,90.4,4.0
2025,11,Sentinel Prime AI,Medium,connectivity,3,3.0,49.3,4.0
2025,11,Sentinel Prime AI,Low,software,2,1.0,136.2,5.0
2025,11,Sentinel Prime AI,Medium,mechanical,8,8.0,46.4,3.63
2025,11,Sentinel Prime AI,Medium,navigation,3,3.0,56.7,3.67
2025,11,Sentinel Prime AI,Critical,navigation,1,1.0,7.5,4.0
2025,11,Sentinel Prime AI,High,battery,1,1.0,15.3,4.0
2025,11,Sentinel Prime AI,Medium,battery,6,5.0,68.8,3.4
2025,11,Sentinel Prime AI,High,mechanical,1,1.0,9.9,4.0
2025,11,Sentinel Prime AI,High,connectivity,1,0.0,,
2025,12,Aido Humanoid,Low,navigation,1,1.0,133.0,4.0
2025,12,Aido Humanoid,Medium,navigation,3,3.0,39.0,4.0
2025,12,Aido Humanoid,Critical,navigation,1,0.0,,
2025,12,Aido Humanoid,Medium,software,2,2.0,49.0,4.0
2025,12,Aido Humanoid,Medium,battery,6,5.0,51.2,3.8
2025,12,Aido Humanoid,Low,connectivity,3,2.0,89.1,3.0
2025,12,Aido Humanoid,High,connectivity,2,2.0,23.0,1.0
2025,12,Aido Humanoid,Critical,software,1,1.0,2.4,2.0
2025,12,Aido Humanoid,High,mechanical,1,1.0,10.0,3.0
2025,12,Aido Humanoid,Low,software,5,4.0,107.8,4.25
2025,12,Aido Humanoid,Low,battery,1,1.0,109.5,4.0
2025,12,Aido Humanoid,Medium,mechanical,6,4.0,47.3,3.75
2025,12,Aido Humanoid,Medium,connectivity,5,4.0,29.0,3.75
2025,12,Aido Humanoid,High,navigation,1,1.0,24.8,4.0
2025,12,Aido Humanoid,High,software,2,2.0,22.4,4.0
2025,12,Aido Humanoid,Critical,battery,1,1.0,12.4,4.0
2025,12,Aido Rover,Medium,connectivity,7,7.0,41.6,3.14
2025,12,Aido Rover,Medium,navigation,5,5.0,43.2,3.8
2025,12,Aido Rover,Critical,software,1,0.0,,
2025,12,Aido Rover,Low,software,1,1.0,125.6,1.0
2025,12,Aido Rover,Medium,battery,3,1.0,84.6,5.0
2025,12,Aido Rover,High,mechanical,1,1.0,15.2,5.0
2025,12,Aido Rover,High,connectivity,3,3.0,18.2,4.33
2025,12,Aido Rover,Medium,software,3,3.0,35.8,4.33
2025,12,Aido Rover,High,software,4,4.0,24.1,4.25
2025,12,Aido Rover,Low,battery,3,3.0,97.5,4.0
2025,12,Aido Rover,Critical,battery,1,1.0,2.9,5.0
2025,12,Aido Rover,High,battery,3,3.0,22.8,2.0
2025,12,Aido Rover,Medium,mechanical,7,7.0,42.5,3.14
2025,12,Aido Rover,High,navigation,2,1.0,16.4,3.0
2025,12,Aido Rover,Low,mechanical,4,4.0,107.1,4.25
2025,12,Fari,Low,navigation,1,0.0,,
2025,12,Fari,High,software,1,1.0,15.6,4.0
2025,12,Fari,High,connectivity,5,5.0,16.6,4.4
2025,12,Fari,Critical,navigation,1,0.0,,
2025,12,Fari,High,mechanical,5,5.0,18.4,2.6
2025,12,Fari,Low,battery,4,1.0,83.4,4.0
2025,12,Fari,Critical,battery,2,2.0,10.7,3.5
2025,12,Fari,Low,software,2,2.0,126.9,4.0
2025,12,Fari,Low,connectivity,1,1.0,54.1,4.0
2025,12,Fari,Medium,battery,6,6.0,55.9,3.83
2025,12,Fari,High,battery,2,2.0,20.6,4.0
2025,12,Fari,Low,mechanical,2,2.0,124.5,3.0
2025,12,Fari,Medium,navigation,4,3.0,59.7,3.67
2025,12,Fari,High,navigation,1,1.0,2.3,1.0
2025,12,Fari,Medium,mechanical,4,4.0,37.6,3.5
2025,12,Fari,Medium,connectivity,4,3.0,30.5,3.67
2025,12,Fari,Critical,software,2,2.0,5.0,4.5
2025,12,Fari,Medium,software,3,3.0,44.4,4.0
2025,12,Senpai,Medium,mechanical,2,2.0,51.6,4.5
2025,12,Senpai,Medium,software,3,3.0,78.5,4.0
2025,12,Senpai,High,software,3,3.0,14.7,4.0
2025,12,Senpai,Medium,connectivity,3,3.0,93.9,4.67
2025,12,Senpai,Low,navigation,6,5.0,125.2,2.8
2025,12,Senpai,High,navigation,2,1.0,4.2,4.0
2025,12,Senpai,Low,software,3,3.0,106.0,3.33
2025,12,Senpai,High,battery,2,2.0,24.9,3.5
2025,12,Senpai,Critical,mechanical,1,1.0,8.0,5.0
2025,12,Senpai,Critical,navigation,1,1.0,4.7,4.0
2025,12,Senpai,Medium,battery,5,5.0,59.3,4.2
2025,12,Senpai,High,connectivity,2,2.0,14.4,5.0
2025,12,Senpai,Low,connectivity,3,3.0,79.8,3.33
2025,12,Senpai,Low,mechanical,1,1.0,143.4,4.0
2025,12,Senpai,High,mechanical,2,1.0,27.4,4.0
2025,12,Senpai,Medium,navigation,2,2.0,75.7,4.0
2025,12,Sentinel Prime AI,Critical,software,1,1.0,7.9,4.0
2025,12,Sentinel Prime AI,Medium,navigation,4,2.0,31.4,3.5
2025,12,Sentinel Prime AI,Low,mechanical,2,2.0,142.8,4.5
2025,12,Sentinel Prime AI,Low,software,5,5.0,99.3,4.6
2025,12,Sentinel Prime AI,Medium,software,5,5.0,47.6,3.6
2025,12,Sentinel Prime AI,Critical,battery,1,1.0,6.7,4.0
2025,12,Sentinel Prime AI,Low,navigation,3,2.0,59.4,4.5
2025,12,Sentinel Prime AI,Low,connectivity,5,3.0,102.2,4.33
2025,12,Sentinel Prime AI,Medium,connectivity,6,4.0,41.1,3.75
2025,12,Sentinel Prime AI,Medium,battery,1,1.0,45.9,4.0
2025,12,Sentinel Prime AI,Critical,mechanical,1,0.0,,
2025,12,Sentinel Prime AI,High,navigation,1,1.0,24.2,3.0
2025,12,Sentinel Prime AI,Critical,connectivity,3,2.0,5.7,2.5
2025,12,Sentinel Prime AI,High,battery,4,2.0,30.6,3.5
2025,12,Sentinel Prime AI,High,software,1,1.0,41.3,5.0
2025,12,Sentinel Prime AI,Low,battery,1,1.0,33.0,4.0
2025,12,Sentinel Prime AI,Medium,mechanical,3,1.0,81.7,4.0
2026,1,Aido Humanoid,Medium,software,5,4.0,26.3,3.25
2026,1,Aido Humanoid,Medium,connectivity,3,1.0,32.1,4.0
2026,1,Aido Humanoid,Low,connectivity,2,1.0,67.8,4.0
2026,1,Aido Humanoid,High,battery,1,1.0,18.1,5.0
2026,1,Aido Humanoid,Medium,navigation,7,7.0,56.4,3.14
2026,1,Aido Humanoid,Critical,mechanical,1,1.0,2.5,3.0
2026,1,Aido Humanoid,Critical,software,1,1.0,9.4,4.0
2026,1,Aido Humanoid,Low,navigation,2,2.0,113.5,3.5
2026,1,Aido Humanoid,Critical,battery,1,1.0,2.6,5.0
2026,1,Aido Humanoid,Low,software,4,3.0,154.4,3.0
2026,1,Aido Humanoid,Medium,battery,3,3.0,53.4,3.0
2026,1,Aido Humanoid,High,navigation,2,2.0,17.7,3.0
2026,1,Aido Humanoid,High,connectivity,3,3.0,20.8,4.0
2026,1,Aido Humanoid,High,software,1,1.0,26.2,5.0
2026,1,Aido Humanoid,Medium,mechanical,7,5.0,35.6,3.6
2026,1,Aido Rover,Medium,navigation,2,2.0,57.3,4.0
2026,1,Aido Rover,Low,connectivity,2,2.0,174.7,4.0
2026,1,Aido Rover,High,navigation,2,2.0,14.1,4.5
2026,1,Aido Rover,High,connectivity,4,3.0,18.5,3.67
2026,1,Aido Rover,Low,mechanical,1,1.0,66.2,4.0
2026,1,Aido Rover,Critical,navigation,1,1.0,6.2,5.0
2026,1,Aido Rover,High,software,3,3.0,18.7,4.67
2026,1,Aido Rover,High,battery,3,3.0,18.7,4.67
2026,1,Aido Rover,Medium,battery,1,1.0,22.5,4.0
2026,1,Aido Rover,Medium,connectivity,4,3.0,42.2,3.67
2026,1,Aido Rover,Medium,software,4,4.0,40.7,4.25
2026,1,Aido Rover,Low,navigation,3,3.0,87.6,3.67
2026,1,Aido Rover,Medium,mechanical,4,4.0,48.9,3.75
2026,1,Aido Rover,Low,battery,2,2.0,81.2,4.0
2026,1,Fari,Critical,software,3,3.0,4.6,4.0
2026,1,Fari,Low,mechanical,3,3.0,98.4,5.0
2026,1,Fari,Low,battery,6,6.0,99.7,2.67
2026,1,Fari,High,navigation,1,1.0,5.1,5.0
2026,1,Fari,Medium,mechanical,4,4.0,34.6,3.5
2026,1,Fari,Medium,software,3,3.0,73.4,3.67
2026,1,Fari,Low,connectivity,2,2.0,109.4,3.5
2026,1,Fari,Low,navigation,2,2.0,128.1,5.0
2026,1,Fari,Low,software,1,1.0,32.5,5.0
2026,1,Fari,Medium,connectivity,2,2.0,50.7,3.5
2026,1,Fari,Medium,battery,2,0.0,,
2026,1,Fari,High,software,2,2.0,11.9,4.0
2026,1,Fari,Critical,mechanical,2,2.0,6.1,1.5
2026,1,Fari,High,battery,3,3.0,20.8,4.33
2026,1,Fari,High,mechanical,3,2.0,10.7,3.0
2026,1,Senpai,Low,mechanical,1,1.0,231.6,5.0
2026,1,Senpai,Low,navigation,3,2.0,79.3,4.5
2026,1,Senpai,High,mechanical,5,5.0,16.1,3.8
2026,1,Senpai,High,battery,1,1.0,9.8,4.0
2026,1,Senpai,Medium,battery,5,5.0,48.4,3.2
2026,1,Senpai,Critical,navigation,4,3.0,6.3,3.33
2026,1,Senpai,Medium,navigation,3,3.0,49.8,4.0
2026,1,Senpai,Low,battery,2,2.0,104.7,3.5
2026,1,Senpai,High,navigation,2,1.0,31.4,2.0
2026,1,Senpai,Low,software,1,1.0,54.3,3.0
2026,1,Senpai,High,software,2,1.0,11.6,5.0
2026,1,Senpai,Medium,software,2,2.0,47.0,4.5
2026,1,Senpai,Low,connectivity,2,2.0,118.7,4.5
2026,1,Senpai,Medium,mechanical,4,4.0,48.9,3.75
2026,1,Senpai,Medium,connectivity,2,2.0,46.5,4.0
2026,1,Sentinel Prime AI,Low,battery,5,4.0,111.3,4.5
2026,1,Sentinel Prime AI,High,connectivity,1,1.0,32.7,2.0
2026,1,Sentinel Prime AI,Critical,battery,1,1.0,9.2,5.0
2026,1,Sentinel Prime AI,Medium,software,2,1.0,17.5,5.0
2026,1,Sentinel Prime AI,Low,navigation,1,1.0,36.3,3.0
2026,1,Sentinel Prime AI,Critical,connectivity,2,2.0,9.0,4.0
2026,1,Sentinel Prime AI,Critical,software,1,0.0,,
2026,1,Sentinel Prime AI,Medium,connectivity,6,4.0,35.4,3.5
2026,1,Sentinel Prime AI,Medium,mechanical,6,6.0,69.1,3.33
2026,1,Sentinel Prime AI,Low,connectivity,4,3.0,118.4,4.0
2026,1,Sentinel Prime AI,Medium,battery,6,5.0,49.5,3.8
2026,1,Sentinel Prime AI,High,mechanical,2,1.0,19.7,4.0
2026,1,Sentinel Prime AI,Medium,navigation,7,7.0,46.1,4.14
2026,1,Sentinel Prime AI,Critical,navigation,1,1.0,12.5,3.0
2026,1,Sentinel Prime AI,High,battery,1,0.0,,
2026,1,Sentinel Prime AI,High,navigation,2,2.0,24.4,2.5
2026,1,Sentinel Prime AI,High,software,1,1.0,14.3,5.0
2026,2,Aido Humanoid,Critical,battery,1,1.0,8.0,5.0
2026,2,Aido Humanoid,Critical,software,1,1.0,3.2,5.0
2026,2,Aido Humanoid,Low,mechanical,1,1.0,102.6,4.0
2026,2,Aido Humanoid,High,mechanical,2,1.0,28.4,5.0
2026,2,Aido Humanoid,Low,battery,3,3.0,86.4,2.67
2026,2,Aido Humanoid,Medium,battery,2,1.0,63.0,5.0
2026,2,Aido Humanoid,Medium,mechanical,5,4.0,56.9,3.75
2026,2,Aido Humanoid,Low,navigation,2,2.0,63.0,3.0
2026,2,Aido Humanoid,Medium,software,2,1.0,21.0,5.0
2026,2,Aido Humanoid,High,connectivity,1,1.0,34.1,4.0
2026,2,Aido Humanoid,High,navigation,1,1.0,14.7,4.0
2026,2,Aido Humanoid,Medium,navigation,7,6.0,50.3,3.5
2026,2,Aido Humanoid,Medium,connectivity,6,3.0,50.5,4.0
2026,2,Aido Humanoid,Low,connectivity,2,2.0,29.1,2.5
2026,2,Aido Humanoid,High,software,3,3.0,21.2,4.33
2026,2,Aido Rover,Low,navigation,1,1.0,98.4,5.0
2026,2,Aido Rover,High,navigation,1,1.0,27.5,5.0
2026,2,Aido Rover,Low,connectivity,1,1.0,58.7,4.0
2026,2,Aido Rover,High,software,2,2.0,27.0,3.0
2026,2,Aido Rover,Medium,battery,5,4.0,56.0,2.75
2026,2,Aido Rover,Medium,mechanical,4,3.0,53.7,4.0
2026,2,Aido Rover,High,connectivity,4,2.0,24.0,3.0
2026,2,Aido Rover,High,mechanical,1,1.0,17.5,4.0
2026,2,Aido Rover,Medium,navigation,5,5.0,62.9,3.4
2026,2,Aido Rover,Low,software,2,2.0,74.5,4.5
2026,2,Aido Rover,Critical,navigation,1,1.0,8.5,4.0
2026,2,Aido Rover,Medium,software,1,1.0,61.8,3.0
2026,2,Aido Rover,Low,battery,1,0.0,,
2026,2,Aido Rover,High,battery,2,2.0,22.9,4.0
2026,2,Aido Rover,Medium,connectivity,4,3.0,43.7,4.67
2026,2,Fari,Medium,battery,5,3.0,71.8,3.67
2026,2,Fari,Medium,mechanical,6,6.0,50.8,4.67
2026,2,Fari,Low,navigation,2,2.0,88.0,4.5
2026,2,Fari,High,navigation,4,4.0,21.1,3.75
2026,2,Fari,Low,connectivity,2,2.0,20.5,3.0
2026,2,Fari,Critical,connectivity,1,1.0,6.6,5.0
2026,2,Fari,Medium,navigation,2,2.0,57.2,3.5
2026,2,Fari,Medium,connectivity,2,2.0,43.8,4.0
2026,2,Fari,Critical,navigation,1,1.0,3.2,4.0
2026,2,Fari,High,connectivity,1,1.0,22.6,5.0
2026,2,Fari,Medium,software,7,6.0,48.8,4.17
2026,2,Fari,Low,software,2,2.0,83.5,3.5
2026,2,Fari,High,mechanical,2,1.0,26.2,4.0
2026,2,Fari,Low,battery,1,0.0,,
2026,2,Fari,High,software,3,1.0,28.2,4.0
2026,2,Fari,Low,mechanical,3,2.0,81.9,3.0
2026,2,Senpai,Critical,battery,2,2.0,7.0,2.5
2026,2,Senpai,Medium,navigation,3,2.0,72.8,5.0
2026,2,Senpai,Medium,software,3,3.0,57.2,4.33
2026,2,Senpai,High,mechanical,1,1.0,16.1,5.0
2026,2,Senpai,Low,software,3,3.0,95.0,4.0
2026,2,Senpai,Low,connectivity,2,1.0,200.2,4.0
2026,2,Senpai,Critical,navigation,1,1.0,7.2,1.0
2026,2,Senpai,High,connectivity,2,2.0,29.1,4.0
2026,2,Senpai,Low,mechanical,5,4.0,91.5,3.0
2026,2,Senpai,Low,navigation,2,1.0,133.4,5.0
2026,2,Senpai,Medium,connectivity,5,4.0,61.1,3.75
2026,2,Senpai,High,navigation,2,2.0,27.6,3.0
2026,2,Senpai,Medium,battery,5,5.0,52.0,4.0
2026,2,Senpai,Critical,connectivity,2,2.0,8.0,2.5
2026,2,Senpai,Critical,mechanical,2,2.0,6.6,4.0
2026,2,Senpai,Medium,mechanical,2,2.0,43.1,3.5
2026,2,Senpai,Low,battery,6,5.0,85.0,4.0
2026,2,Senpai,Critical,software,1,1.0,9.0,3.0
2026,2,Senpai,High,software,3,3.0,31.0,3.33
2026,2,Sentinel Prime AI,High,mechanical,1,1.0,20.0,1.0
2026,2,Sentinel Prime AI,High,software,3,3.0,14.5,4.0
2026,2,Sentinel Prime AI,Critical,navigation,1,1.0,5.2,5.0
2026,2,Sentinel Prime AI,Low,battery,1,1.0,133.3,4.0
2026,2,Sentinel Prime AI,Low,software,3,2.0,157.3,4.0
2026,2,Sentinel Prime AI,Medium,mechanical,2,1.0,74.6,3.0
2026,2,Sentinel Prime AI,Critical,mechanical,1,1.0,7.2,4.0
2026,2,Sentinel Prime AI,High,navigation,4,4.0,24.4,4.0
2026,2,Sentinel Prime AI,Low,navigation,3,3.0,74.1,3.0
2026,2,Sentinel Prime AI,Medium,navigation,6,6.0,49.2,4.33
2026,2,Sentinel Prime AI,Medium,battery,5,4.0,57.7,3.25
2026,2,Sentinel Prime AI,Low,connectivity,2,2.0,187.7,3.0
2026,2,Sentinel Prime AI,Medium,connectivity,3,2.0,48.5,4.0
2026,2,Sentinel Prime AI,High,connectivity,2,1.0,14.7,4.0
2026,3,Aido Humanoid,Low,connectivity,2,2.0,49.3,4.0
2026,3,Aido Humanoid,High,software,1,1.0,25.9,5.0
2026,3,Aido Humanoid,High,connectivity,2,1.0,13.6,5.0
2026,3,Aido Humanoid,Critical,software,2,2.0,7.6,2.0
2026,3,Aido Humanoid,Medium,navigation,5,5.0,52.2,4.0
2026,3,Aido Humanoid,Medium,software,2,2.0,48.9,4.5
2026,3,Aido Humanoid,Low,battery,1,1.0,106.6,5.0
2026,3,Aido Humanoid,High,mechanical,5,4.0,16.0,3.75
2026,3,Aido Humanoid,Medium,battery,3,3.0,39.2,4.0
2026,3,Aido Humanoid,High,navigation,4,4.0,26.0,3.5
2026,3,Aido Humanoid,Critical,navigation,2,2.0,5.6,3.5
2026,3,Aido Humanoid,Low,mechanical,4,4.0,92.4,3.5
2026,3,Aido Humanoid,Low,navigation,5,5.0,107.3,3.8
2026,3,Aido Humanoid,Medium,mechanical,2,2.0,64.2,4.5
2026,3,Aido Humanoid,Medium,connectivity,4,4.0,46.4,4.5
2026,3,Aido Rover,Critical,connectivity,1,1.0,6.4,5.0
2026,3,Aido Rover,Medium,connectivity,5,4.0,58.0,4.0
2026,3,Aido Rover,Low,battery,1,1.0,146.8,5.0
2026,3,Aido Rover,Medium,software,4,2.0,55.7,4.5
2026,3,Aido Rover,Medium,mechanical,9,8.0,62.4,3.5
2026,3,Aido Rover,High,battery,3,3.0,14.7,3.33
2026,3,Aido Rover,High,software,4,4.0,19.8,2.5
2026,3,Aido Rover,High,mechanical,1,1.0,24.8,5.0
2026,3,Aido Rover,Low,connectivity,1,0.0,,
2026,3,Aido Rover,Low,software,2,2.0,92.9,4.0
2026,3,Aido Rover,Medium,navigation,8,7.0,69.3,4.14
2026,3,Aido Rover,High,navigation,1,1.0,24.3,3.0
2026,3,Aido Rover,Low,navigation,2,2.0,100.4,5.0
2026,3,Aido Rover,High,connectivity,3,3.0,18.0,3.0
2026,3,Aido Rover,Medium,battery,2,2.0,88.9,4.0
2026,3,Fari,High,navigation,1,1.0,26.7,5.0
2026,3,Fari,Critical,battery,1,1.0,2.3,5.0
2026,3,Fari,Medium,connectivity,2,1.0,78.4,3.0
2026,3,Fari,Critical,connectivity,1,1.0,4.9,5.0
2026,3,Fari,Low,navigation,3,2.0,81.3,4.0
2026,3,Fari,High,connectivity,2,1.0,25.7,5.0
2026,3,Fari,Medium,navigation,2,2.0,55.8,4.5
2026,3,Fari,High,mechanical,2,1.0,31.9,4.0
2026,3,Fari,Medium,battery,4,4.0,40.8,3.5
2026,3,Fari,Critical,mechanical,1,1.0,4.6,4.0
2026,3,Fari,High,software,1,1.0,7.7,5.0
2026,3,Fari,Low,software,3,3.0,113.3,4.0
2026,3,Fari,Low,connectivity,4,4.0,167.1,3.25
2026,3,Fari,Low,battery,4,4.0,102.7,4.25
2026,3,Fari,Medium,mechanical,4,3.0,59.7,4.0
2026,3,Fari,High,battery,2,2.0,17.4,3.5
2026,3,Senpai,Medium,navigation,1,0.0,,
2026,3,Senpai,Medium,battery,4,3.0,61.1,4.0
2026,3,Senpai,Low,mechanical,2,2.0,78.2,4.0
2026,3,Senpai,High,battery,1,1.0,15.4,4.0
2026,3,Senpai,Low,battery,1,1.0,154.1,5.0
2026,3,Senpai,Medium,software,1,1.0,46.6,5.0
2026,3,Senpai,Medium,connectivity,1,1.0,45.0,4.0
2026,3,Senpai,Low,software,2,1.0,106.5,2.0
2026,3,Senpai,High,mechanical,2,1.0,29.3,4.0
2026,3,Senpai,High,navigation,1,1.0,13.5,5.0
2026,3,Senpai,Low,navigation,1,1.0,114.2,3.0
2026,3,Senpai,High,connectivity,3,2.0,23.3,4.5
2026,3,Senpai,Medium,mechanical,6,6.0,52.0,3.33
2026,3,Senpai,Critical,battery,1,1.0,6.8,2.0
2026,3,Senpai,Low,connectivity,2,1.0,112.6,5.0
2026,3,Sentinel Prime AI,Low,navigation,2,2.0,130.2,4.0
2026,3,Sentinel Prime AI,High,mechanical,1,1.0,22.8,4.0
2026,3,Sentinel Prime AI,Medium,connectivity,4,3.0,45.2,3.0
2026,3,Sentinel Prime AI,High,battery,3,2.0,17.1,3.0
2026,3,Sentinel Prime AI,High,navigation,1,1.0,17.8,2.0
2026,3,Sentinel Prime AI,Low,battery,2,2.0,114.7,4.0
2026,3,Sentinel Prime AI,Low,connectivity,1,0.0,,
2026,3,Sentinel Prime AI,Medium,battery,6,5.0,47.9,4.0
2026,3,Sentinel Prime AI,Low,software,3,2.0,81.9,3.0
2026,3,Sentinel Prime AI,Medium,navigation,4,4.0,41.5,4.0
2026,3,Sentinel Prime AI,Low,mechanical,3,3.0,105.7,3.67
2026,3,Sentinel Prime AI,High,connectivity,2,2.0,6.1,4.0
2026,3,Sentinel Prime AI,Medium,software,1,1.0,34.2,3.0
2026,3,Sentinel Prime AI,Medium,mechanical,6,5.0,50.1,3.2
2026,3,Sentinel Prime AI,Critical,connectivity,2,2.0,11.4,3.0
2026,4,Aido Humanoid,Medium,navigation,6,4.0,51.2,4.5
2026,4,Aido Humanoid,High,mechanical,2,2.0,11.5,4.5
2026,4,Aido Humanoid,Low,mechanical,2,2.0,111.8,3.0
2026,4,Aido Humanoid,Medium,connectivity,4,3.0,52.6,3.33
2026,4,Aido Humanoid,Low,navigation,1,1.0,171.5,5.0
2026,4,Aido Humanoid,Low,battery,2,0.0,,
2026,4,Aido Humanoid,High,navigation,3,1.0,2.8,4.0
2026,4,Aido Humanoid,Medium,battery,3,2.0,76.2,4.0
2026,4,Aido Humanoid,Medium,mechanical,4,4.0,30.5,4.75
2026,4,Aido Humanoid,Critical,battery,2,2.0,8.9,3.5
2026,4,Aido Humanoid,Low,connectivity,2,2.0,82.6,4.0
2026,4,Aido Humanoid,Critical,connectivity,1,1.0,2.0,4.0
2026,4,Aido Humanoid,Low,software,2,2.0,86.2,3.5
2026,4,Aido Humanoid,High,software,2,2.0,18.2,2.5
2026,4,Aido Rover,Low,mechanical,2,2.0,85.3,4.5
2026,4,Aido Rover,Medium,software,5,3.0,39.3,3.0
2026,4,Aido Rover,Medium,mechanical,4,2.0,38.3,3.0
2026,4,Aido Rover,Medium,battery,2,2.0,50.9,4.0
2026,4,Aido Rover,Low,battery,3,2.0,67.9,4.0
2026,4,Aido Rover,High,navigation,3,3.0,25.0,4.0
2026,4,Aido Rover,Low,software,1,1.0,95.2,5.0
2026,4,Aido Rover,Low,navigation,3,3.0,129.8,3.67
2026,4,Aido Rover,Medium,connectivity,5,3.0,66.1,4.33
2026,4,Aido Rover,Medium,navigation,5,4.0,51.9,3.5
2026,4,Aido Rover,High,software,2,2.0,28.9,3.0
2026,4,Aido Rover,Low,connectivity,3,2.0,69.0,2.0
2026,4,Aido Rover,High,mechanical,4,3.0,9.9,3.33
2026,4,Aido Rover,Critical,navigation,2,2.0,8.2,4.5
2026,4,Fari,High,software,1,1.0,22.6,5.0
2026,4,Fari,Low,battery,2,2.0,75.6,4.5
2026,4,Fari,High,navigation,1,1.0,17.5,5.0
2026,4,Fari,Low,connectivity,2,1.0,91.1,3.0
2026,4,Fari,Medium,navigation,3,3.0,76.0,2.67
2026,4,Fari,Medium,mechanical,1,1.0,17.6,5.0
2026,4,Fari,High,connectivity,2,2.0,21.0,4.5
2026,4,Fari,Low,mechanical,2,1.0,15.9,4.0
2026,4,Fari,Low,navigation,2,2.0,73.1,4.5
2026,4,Fari,Medium,battery,6,6.0,64.6,3.67
2026,4,Fari,Low,software,2,2.0,107.6,3.5
2026,4,Fari,Medium,software,2,1.0,27.5,1.0
2026,4,Fari,High,mechanical,4,4.0,14.8,4.5
2026,4,Senpai,Medium,connectivity,7,6.0,42.3,4.17
2026,4,Senpai,Low,connectivity,2,2.0,102.9,3.5
2026,4,Senpai,High,mechanical,1,1.0,23.0,5.0
2026,4,Senpai,High,software,2,0.0,,
2026,4,Senpai,Critical,navigation,1,1.0,9.0,4.0
2026,4,Senpai,Critical,software,2,2.0,12.1,4.0
2026,4,Senpai,Critical,battery,2,2.0,11.8,3.5
2026,4,Senpai,Medium,software,2,1.0,90.0,5.0
2026,4,Senpai,Medium,mechanical,1,0.0,,
2026,4,Senpai,Medium,navigation,3,2.0,46.8,3.5
2026,4,Senpai,High,navigation,3,2.0,19.0,2.0
2026,4,Senpai,High,battery,2,1.0,31.6,5.0
2026,4,Senpai,Medium,battery,3,2.0,62.6,3.0
2026,4,Senpai,Low,software,1,1.0,112.8,3.0
2026,4,Senpai,Low,navigation,5,5.0,107.3,4.0
2026,4,Senpai,High,connectivity,3,3.0,24.8,4.33
2026,4,Senpai,Low,battery,2,2.0,153.1,4.0
2026,4,Sentinel Prime AI,High,battery,2,2.0,25.2,3.5
2026,4,Sentinel Prime AI,Critical,battery,2,2.0,7.2,4.5
2026,4,Sentinel Prime AI,Medium,navigation,6,6.0,48.0,4.5
2026,4,Sentinel Prime AI,High,navigation,1,1.0,18.2,4.0
2026,4,Sentinel Prime AI,Low,battery,1,1.0,16.3,2.0
2026,4,Sentinel Prime AI,High,software,1,1.0,14.2,4.0
2026,4,Sentinel Prime AI,Low,navigation,5,5.0,73.0,3.6
2026,4,Sentinel Prime AI,Low,mechanical,4,4.0,98.8,3.75
2026,4,Sentinel Prime AI,Medium,connectivity,3,3.0,26.0,4.33
2026,4,Sentinel Prime AI,Critical,navigation,3,3.0,9.7,3.0
2026,4,Sentinel Prime AI,Medium,battery,4,4.0,44.3,4.25
2026,4,Sentinel Prime AI,Medium,software,2,2.0,16.8,4.5
2026,4,Sentinel Prime AI,Medium,mechanical,7,7.0,49.6,3.86
2026,4,Sentinel Prime AI,Low,connectivity,2,2.0,47.4,4.0
2026,4,Sentinel Prime AI,Critical,software,4,3.0,9.4,4.0
2026,4,Sentinel Prime AI,Low,software,3,1.0,113.7,4.0
2026,4,Sentinel Prime AI,High,mechanical,2,1.0,38.7,2.0
2026,4,Sentinel Prime AI,High,connectivity,3,3.0,23.1,5.0
2026,5,Aido Humanoid,Low,connectivity,1,1.0,41.3,4.0
2026,5,Aido Humanoid,High,connectivity,6,6.0,25.7,3.17
2026,5,Aido Humanoid,Medium,connectivity,2,2.0,59.4,4.0
2026,5,Aido Humanoid,Critical,battery,1,1.0,7.2,4.0
2026,5,Aido Humanoid,Medium,software,4,3.0,36.2,2.0
2026,5,Aido Humanoid,Medium,mechanical,3,3.0,52.9,4.33
2026,5,Aido Humanoid,High,battery,4,4.0,19.6,4.25
2026,5,Aido Humanoid,Low,battery,3,2.0,127.9,2.5
2026,5,Aido Humanoid,Low,mechanical,1,1.0,125.6,3.0
2026,5,Aido Humanoid,Critical,navigation,2,2.0,9.6,5.0
2026,5,Aido Humanoid,High,navigation,4,3.0,22.5,3.33
2026,5,Aido Humanoid,Low,navigation,4,4.0,107.5,3.75
2026,5,Aido Humanoid,Medium,navigation,1,1.0,60.8,5.0
2026,5,Aido Humanoid,Medium,battery,1,1.0,70.1,5.0
2026,5,Aido Humanoid,Low,software,4,3.0,115.2,3.67
2026,5,Aido Humanoid,High,software,2,2.0,18.9,3.5
2026,5,Aido Humanoid,Critical,connectivity,1,1.0,7.4,4.0
2026,5,Aido Rover,Medium,connectivity,5,5.0,59.6,3.2
2026,5,Aido Rover,Low,connectivity,2,2.0,98.6,5.0
2026,5,Aido Rover,Medium,mechanical,6,5.0,46.9,3.4
2026,5,Aido Rover,Medium,battery,2,2.0,43.5,4.5
2026,5,Aido Rover,High,navigation,1,1.0,27.5,2.0
2026,5,Aido Rover,Medium,software,3,3.0,44.4,1.67
2026,5,Aido Rover,Critical,battery,1,1.0,9.3,4.0
2026,5,Aido Rover,High,software,5,4.0,19.1,4.0
2026,5,Aido Rover,Low,software,1,1.0,143.3,2.0
2026,5,Aido Rover,Medium,navigation,2,2.0,56.2,3.0
2026,5,Aido Rover,Low,battery,2,2.0,150.4,4.5
2026,5,Aido Rover,High,mechanical,1,1.0,22.7,5.0
2026,5,Aido Rover,Low,navigation,2,2.0,86.4,4.0
2026,5,Fari,High,connectivity,1,1.0,4.0,4.0
2026,5,Fari,High,mechanical,1,1.0,7.6,5.0
2026,5,Fari,High,battery,3,3.0,15.0,4.0
2026,5,Fari,Low,mechanical,1,1.0,40.9,2.0
2026,5,Fari,Low,battery,2,2.0,92.5,3.5
2026,5,Fari,Low,software,2,2.0,49.2,4.5
2026,5,Fari,Medium,navigation,4,3.0,43.3,3.67
2026,5,Fari,High,navigation,2,2.0,20.1,1.0
2026,5,Fari,Medium,mechanical,4,2.0,45.4,3.5
2026,5,Fari,Low,navigation,4,3.0,32.6,3.0
2026,5,Fari,Low,connectivity,3,3.0,110.5,3.0
2026,5,Fari,Medium,connectivity,1,1.0,25.0,5.0
2026,5,Fari,Medium,battery,5,4.0,32.1,3.0
2026,5,Fari,High,software,2,2.0,28.2,4.0
2026,5,Senpai,High,connectivity,1,1.0,21.8,5.0
2026,5,Senpai,Low,navigation,1,0.0,,
2026,5,Senpai,Medium,mechanical,1,1.0,56.6,2.0
2026,5,Senpai,High,battery,3,3.0,17.8,3.67
2026,5,Senpai,Critical,connectivity,1,1.0,2.6,4.0
2026,5,Senpai,Medium,connectivity,1,1.0,12.4,4.0
2026,5,Senpai,Low,connectivity,4,3.0,69.5,3.0
2026,5,Senpai,Medium,navigation,2,1.0,54.6,4.0
2026,5,Senpai,Medium,software,1,1.0,37.8,5.0
2026,5,Senpai,Low,software,1,1.0,31.9,3.0
2026,5,Senpai,Critical,battery,2,2.0,5.4,2.5
2026,5,Senpai,High,navigation,5,4.0,17.8,4.25
2026,5,Senpai,Medium,battery,3,3.0,49.6,3.0
2026,5,Senpai,Low,mechanical,3,2.0,100.8,3.5
2026,5,Sentinel Prime AI,Medium,navigation,5,5.0,44.8,3.6
2026,5,Sentinel Prime AI,Critical,software,1,1.0,10.4,3.0
2026,5,Sentinel Prime AI,High,software,1,1.0,6.4,3.0
2026,5,Sentinel Prime AI,Low,battery,2,2.0,163.1,4.5
2026,5,Sentinel Prime AI,Low,software,3,3.0,112.9,3.33
2026,5,Sentinel Prime AI,Medium,mechanical,4,3.0,32.9,4.0
2026,5,Sentinel Prime AI,Medium,software,3,3.0,50.4,4.67
2026,5,Sentinel Prime AI,High,navigation,2,2.0,17.3,3.0
2026,5,Sentinel Prime AI,High,connectivity,4,4.0,19.8,3.25
2026,5,Sentinel Prime AI,High,battery,4,3.0,18.8,4.0
2026,5,Sentinel Prime AI,Medium,connectivity,6,6.0,37.5,4.33
2026,5,Sentinel Prime AI,Critical,battery,1,1.0,1.9,2.0
2026,5,Sentinel Prime AI,Low,connectivity,2,2.0,104.4,4.0
2026,5,Sentinel Prime AI,Medium,battery,5,4.0,62.8,3.25
2026,5,Sentinel Prime AI,Low,mechanical,6,5.0,102.2,3.4
