customer_key,customer_id,customer_name,segment,industry,geography_key,signup_date_key
1,CUST-000001,Gamble Inc,Mid-Market,Education,3,20240928
2,CUST-000002,Frye-Mejia,Mid-Market,Retail,7,20241029
3,CUST-000003,Banks and Sons,SMB,Education,10,20250104
4,CUST-000004,George-Salinas,Public Sector,Retail,8,20250417
5,CUST-000005,Casey-King,SMB,Healthcare,13,20240728
6,CUST-000006,"Hanson, Mitchell and Carroll",SMB,Healthcare,10,20250321
7,CUST-000007,Myers Inc,SMB,Manufacturing,1,20250124
8,CUST-000008,"Jackson, Garcia and Arnold",Mid-Market,Healthcare,10,20250325
9,CUST-000009,Lane-Blankenship,SMB,Healthcare,5,20240806
10,CUST-000010,"Hebert, Hernandez and Davis",Mid-Market,Government,9,20240614
11,CUST-000011,"Smith, Burke and Garrett",Mid-Market,Government,8,20250418
12,CUST-000012,Rosario LLC,SMB,Healthcare,7,20240901
13,CUST-000013,"Davis, Tucker and Jimenez",SMB,Manufacturing,5,20240627
14,CUST-000014,"Williams, Boyd and Powell",Public Sector,Logistics,3,20241211
15,CUST-000015,Stewart Group,SMB,Manufacturing,1,20240927
16,CUST-000016,"Austin, Bell and Cox",Public Sector,Manufacturing,1,20241127
17,CUST-000017,"Smith, Golden and Webb",Public Sector,Hospitality,7,20240928
18,CUST-000018,Wong-Flores,SMB,Education,7,20250403
19,CUST-000019,"Taylor, Snyder and Taylor",Enterprise,Healthcare,13,20250118
20,CUST-000020,"Smith, Ramos and Cole",SMB,Logistics,8,20250327
21,CUST-000021,Lewis and Sons,SMB,Logistics,7,20250319
22,CUST-000022,Friedman-Harper,SMB,Retail,6,20240618
23,CUST-000023,Orr and Sons,SMB,Hospitality,9,20240826
24,CUST-000024,Fisher Inc,SMB,Manufacturing,14,20241009
25,CUST-000025,Lee-Wade,SMB,Manufacturing,3,20241123
26,CUST-000026,Schultz-Donovan,Enterprise,Government,1,20240712
27,CUST-000027,"Johnson, Crawford and Werner",SMB,Government,4,20240716
28,CUST-000028,Wagner-Thomas,Public Sector,Logistics,12,20240717
29,CUST-000029,Moore Ltd,Enterprise,Government,8,20250225
30,CUST-000030,Velez and Sons,Enterprise,Manufacturing,4,20241224
31,CUST-000031,Singh-May,Mid-Market,Logistics,2,20241229
32,CUST-000032,"Gill, Perry and Carpenter",SMB,Education,6,20250226
33,CUST-000033,"Harrell, Gonzales and Miranda",Mid-Market,Government,1,20240618
34,CUST-000034,Rios-Landry,Public Sector,Retail,13,20250119
35,CUST-000035,Marshall Group,SMB,Logistics,11,20240808
36,CUST-000036,Watkins-Ramos,SMB,Education,3,20240624
37,CUST-000037,Mcdonald LLC,SMB,Manufacturing,8,20241112
38,CUST-000038,Jarvis Ltd,Mid-Market,Healthcare,4,20240612
39,CUST-000039,Eaton-Park,Mid-Market,Manufacturing,10,20240729
40,CUST-000040,Walters-Bailey,Public Sector,Education,2,20250102
41,CUST-000041,"Brooks, Callahan and Sanchez",Enterprise,Healthcare,7,20240907
42,CUST-000042,Good Group,SMB,Retail,11,20240803
43,CUST-000043,"Jones, Salazar and Martinez",Public Sector,Government,1,20250305
44,CUST-000044,Lewis Inc,Mid-Market,Healthcare,8,20250214
45,CUST-000045,Fleming-Scott,Enterprise,Government,4,20240819
46,CUST-000046,Moody and Sons,SMB,Government,4,20240912
47,CUST-000047,Cain-Hart,Mid-Market,Hospitality,11,20250205
48,CUST-000048,Wallace-Nguyen,Public Sector,Hospitality,5,20241230
49,CUST-000049,"Diaz, Bright and Taylor",Public Sector,Education,9,20241115
50,CUST-000050,Oconnor Ltd,Mid-Market,Hospitality,11,20250205
51,CUST-000051,Ramirez Inc,SMB,Government,1,20250124
52,CUST-000052,George-Olson,Enterprise,Retail,6,20250331
53,CUST-000053,"Baldwin, Caldwell and Hayes",SMB,Logistics,4,20250126
54,CUST-000054,Willis Ltd,SMB,Education,11,20250110
55,CUST-000055,"Rodriguez, Schultz and Choi",Public Sector,Government,10,20241117
56,CUST-000056,"Scott, Wilson and Short",SMB,Logistics,14,20250216
57,CUST-000057,"Rush, Murphy and Williams",Mid-Market,Hospitality,1,20241003
58,CUST-000058,Bentley Ltd,Mid-Market,Government,7,20250213
59,CUST-000059,"Christian, Mora and Phillips",Enterprise,Manufacturing,2,20250109
60,CUST-000060,Stevens-Smith,SMB,Education,4,20240617
61,CUST-000061,Garcia-Oliver,Mid-Market,Manufacturing,5,20240819
62,CUST-000062,Johnson-Silva,Enterprise,Manufacturing,3,20241101
63,CUST-000063,"Frost, Miller and Bowman",SMB,Manufacturing,1,20241219
64,CUST-000064,"Rice, Jones and Choi",Mid-Market,Logistics,1,20241204
65,CUST-000065,Newman-James,SMB,Retail,3,20240928
66,CUST-000066,"Mendoza, Hubbard and Haas",SMB,Hospitality,12,20240714
67,CUST-000067,Simon-Abbott,Mid-Market,Healthcare,7,20250403
68,CUST-000068,Taylor Group,Public Sector,Healthcare,10,20240603
69,CUST-000069,Glover-Mendez,SMB,Retail,12,20240717
70,CUST-000070,"Fernandez, King and Leonard",SMB,Government,14,20250216
71,CUST-000071,Gibson-Lynch,Enterprise,Government,3,20241206
72,CUST-000072,"Davis, Buckley and Carter",SMB,Retail,2,20241226
73,CUST-000073,Tucker LLC,SMB,Education,6,20241130
74,CUST-000074,"Jones, Tyler and Rowland",Enterprise,Education,13,20250422
75,CUST-000075,Harding and Sons,SMB,Hospitality,13,20241029
76,CUST-000076,Jones PLC,Enterprise,Retail,1,20241110
77,CUST-000077,"White, Cochran and Jones",Mid-Market,Retail,10,20241116
78,CUST-000078,Riddle Ltd,Enterprise,Manufacturing,12,20250402
79,CUST-000079,Roy Ltd,Public Sector,Healthcare,4,20250424
80,CUST-000080,Jackson-Franco,Mid-Market,Manufacturing,2,20250311
81,CUST-000081,Santana-Barnes,Public Sector,Logistics,11,20250418
82,CUST-000082,Torres LLC,Mid-Market,Government,8,20250204
83,CUST-000083,"Malone, Freeman and Mueller",SMB,Logistics,5,20250311
84,CUST-000084,Miller-Mcgee,SMB,Healthcare,3,20250131
85,CUST-000085,"Spencer, Jenkins and Glass",Mid-Market,Retail,10,20240912
86,CUST-000086,Diaz Ltd,Public Sector,Manufacturing,7,20241007
87,CUST-000087,"Cochran, Gutierrez and Jones",Enterprise,Hospitality,5,20250119
88,CUST-000088,Cooper and Sons,Public Sector,Healthcare,12,20240716
89,CUST-000089,Jones PLC,Enterprise,Hospitality,5,20240722
90,CUST-000090,Bird and Sons,Public Sector,Retail,13,20241207
91,CUST-000091,Lee LLC,SMB,Education,13,20240817
92,CUST-000092,Christensen-Terry,Public Sector,Education,1,20240917
93,CUST-000093,Mitchell and Sons,Enterprise,Manufacturing,13,20250520
94,CUST-000094,"Howell, Parker and Davis",Enterprise,Hospitality,13,20240708
95,CUST-000095,Smith-Allen,Public Sector,Hospitality,3,20250302
96,CUST-000096,"Pruitt, Boyd and Chandler",SMB,Hospitality,12,20240708
97,CUST-000097,Hunter Group,Public Sector,Government,6,20240825
98,CUST-000098,Green Group,Mid-Market,Logistics,7,20250303
99,CUST-000099,"Wood, Mclaughlin and Holmes",Mid-Market,Education,5,20250215
100,CUST-000100,Leon-Day,Mid-Market,Manufacturing,13,20250205
101,CUST-000101,Estes-Hughes,SMB,Manufacturing,7,20240714
102,CUST-000102,Bradford Inc,Mid-Market,Healthcare,10,20250311
103,CUST-000103,Hicks Group,Mid-Market,Government,2,20240608
104,CUST-000104,"Rivera, Contreras and Parks",Mid-Market,Government,9,20240721
105,CUST-000105,"Frank, Crane and Nichols",Mid-Market,Healthcare,1,20241124
106,CUST-000106,"Young, Diaz and Kemp",Mid-Market,Hospitality,1,20240709
107,CUST-000107,Knox-Moore,Mid-Market,Hospitality,1,20250527
108,CUST-000108,Greene Ltd,Mid-Market,Education,13,20241116
109,CUST-000109,Brown PLC,Mid-Market,Retail,12,20240606
110,CUST-000110,Guzman PLC,Enterprise,Education,3,20250304
111,CUST-000111,"Ramirez, Williams and Stone",SMB,Logistics,2,20250105
112,CUST-000112,Williams-Carson,Enterprise,Education,11,20250413
113,CUST-000113,Martinez-Avila,Public Sector,Manufacturing,9,20241124
114,CUST-000114,Walker Group,Enterprise,Government,7,20240819
115,CUST-000115,Adams Group,Mid-Market,Retail,11,20241207
116,CUST-000116,Campbell-Blair,Mid-Market,Logistics,9,20240615
117,CUST-000117,Miller-Contreras,Mid-Market,Government,6,20250112
118,CUST-000118,Arnold-Smith,Mid-Market,Healthcare,14,20240605
119,CUST-000119,Price-Marshall,Enterprise,Retail,8,20250216
120,CUST-000120,Simmons-Hampton,Mid-Market,Government,14,20250518
121,CUST-000121,Sweeney-Norman,Enterprise,Hospitality,4,20250302
122,CUST-000122,"Mckenzie, Wagner and Flynn",SMB,Education,8,20241205
123,CUST-000123,"Jenkins, Peterson and Campbell",SMB,Education,7,20250206
124,CUST-000124,"Boyd, Owens and Cain",Enterprise,Education,10,20240914
125,CUST-000125,"Davis, Rose and Harris",SMB,Healthcare,12,20250314
126,CUST-000126,Trujillo-Mcfarland,Enterprise,Government,10,20250424
127,CUST-000127,"Fox, Johnson and Yu",Mid-Market,Healthcare,8,20250221
128,CUST-000128,Miller Ltd,Mid-Market,Healthcare,3,20250407
129,CUST-000129,Oliver and Sons,Mid-Market,Hospitality,3,20240616
130,CUST-000130,"Martinez, Warren and Callahan",Mid-Market,Retail,4,20241015
131,CUST-000131,Arroyo and Sons,SMB,Retail,5,20240908
132,CUST-000132,"Williams, Mendoza and Wilson",SMB,Logistics,2,20250327
133,CUST-000133,"Garcia, Blair and Taylor",SMB,Hospitality,8,20250310
134,CUST-000134,Burnett Group,SMB,Government,8,20241217
135,CUST-000135,Chapman-Evans,Enterprise,Manufacturing,5,20250105
136,CUST-000136,Krause-Davies,Public Sector,Hospitality,6,20250508
137,CUST-000137,Johnson-Reid,SMB,Manufacturing,13,20240828
138,CUST-000138,Garner LLC,SMB,Education,6,20240713
139,CUST-000139,Kelly and Sons,Mid-Market,Government,9,20241020
140,CUST-000140,Wright Inc,Mid-Market,Hospitality,12,20240719
141,CUST-000141,"Smith, Hutchinson and Jacobs",SMB,Logistics,4,20241215
142,CUST-000142,Hess-Wilson,Mid-Market,Healthcare,14,20250316
143,CUST-000143,"Hawkins, Zimmerman and Taylor",SMB,Healthcare,8,20240720
144,CUST-000144,Johnson-Conway,Enterprise,Government,2,20250414
145,CUST-000145,"Mathis, Baker and Davis",SMB,Manufacturing,2,20250224
146,CUST-000146,Anthony-Barker,Enterprise,Logistics,1,20240616
147,CUST-000147,Walsh PLC,Enterprise,Healthcare,2,20250201
148,CUST-000148,Williams Group,SMB,Government,11,20240721
149,CUST-000149,Velez Ltd,Mid-Market,Logistics,3,20241217
150,CUST-000150,"Lee, Hampton and Koch",Mid-Market,Retail,7,20241219
151,CUST-000151,Owens Inc,SMB,Logistics,5,20241017
152,CUST-000152,"Tucker, Hill and Ellis",Public Sector,Hospitality,5,20240614
153,CUST-000153,Cervantes and Sons,Mid-Market,Education,1,20241027
154,CUST-000154,Craig LLC,Enterprise,Education,4,20240823
155,CUST-000155,"Moore, Moore and West",Mid-Market,Healthcare,12,20240605
156,CUST-000156,"Lopez, Martinez and Pena",Mid-Market,Education,10,20250321
157,CUST-000157,"Kim, Brown and Mason",Mid-Market,Retail,2,20250306
158,CUST-000158,Johnson-Velasquez,SMB,Government,2,20240808
159,CUST-000159,Wright-Santos,SMB,Healthcare,8,20250314
160,CUST-000160,Baxter Ltd,SMB,Logistics,11,20240719
161,CUST-000161,"Meyer, Cowan and Wiggins",Public Sector,Hospitality,8,20250519
162,CUST-000162,Diaz-Duran,Public Sector,Education,11,20250223
163,CUST-000163,Schultz Ltd,Enterprise,Logistics,7,20241006
164,CUST-000164,Blankenship Inc,Public Sector,Hospitality,11,20250303
165,CUST-000165,Blanchard-Ruiz,Enterprise,Hospitality,12,20240606
166,CUST-000166,Aguilar LLC,Mid-Market,Healthcare,12,20250205
167,CUST-000167,"Garza, Meza and Rodriguez",Mid-Market,Retail,8,20250407
168,CUST-000168,Chen-Webb,Public Sector,Hospitality,3,20240806
169,CUST-000169,"Estrada, Rose and Strong",Public Sector,Government,12,20241117
170,CUST-000170,"Johnson, Burton and Dunn",SMB,Hospitality,3,20240819
171,CUST-000171,Hamilton-Harris,Mid-Market,Government,3,20250501
172,CUST-000172,Clark LLC,Enterprise,Government,7,20250304
173,CUST-000173,Lopez Inc,Mid-Market,Healthcare,9,20240610
174,CUST-000174,Wallace Group,Public Sector,Healthcare,14,20241027
175,CUST-000175,Perry-Fox,Mid-Market,Government,3,20240705
176,CUST-000176,Freeman and Sons,Public Sector,Government,12,20250222
177,CUST-000177,Randolph-Mejia,Mid-Market,Healthcare,14,20250309
178,CUST-000178,"Burke, Johnson and Shah",Mid-Market,Retail,13,20240924
179,CUST-000179,Graham-Moore,SMB,Government,3,20240628
180,CUST-000180,Crawford-Peterson,Mid-Market,Government,8,20250517
181,CUST-000181,Erickson-Olsen,Enterprise,Logistics,6,20250330
182,CUST-000182,Perez PLC,SMB,Education,2,20250202
183,CUST-000183,"Gutierrez, Carr and Castro",Mid-Market,Retail,8,20241012
184,CUST-000184,Rodriguez PLC,SMB,Government,8,20250226
185,CUST-000185,"Robinson, Santos and Fitzpatrick",SMB,Manufacturing,1,20250418
186,CUST-000186,"Williams, Peterson and Aguilar",Public Sector,Retail,7,20240913
187,CUST-000187,Davenport Group,SMB,Hospitality,2,20240915
188,CUST-000188,Landry LLC,SMB,Healthcare,3,20241211
189,CUST-000189,Everett PLC,Enterprise,Retail,6,20241231
190,CUST-000190,"Barnes, Rhodes and Nguyen",Mid-Market,Government,9,20240813
191,CUST-000191,Powers Inc,Mid-Market,Education,8,20240721
192,CUST-000192,Lyons Group,SMB,Hospitality,9,20250404
193,CUST-000193,Chen PLC,Enterprise,Hospitality,10,20241206
194,CUST-000194,Robertson and Sons,Mid-Market,Education,4,20250205
195,CUST-000195,Christensen-Beasley,Mid-Market,Logistics,3,20241210
196,CUST-000196,Hill Inc,SMB,Hospitality,3,20240926
197,CUST-000197,"Alvarez, White and Hawkins",SMB,Government,7,20250409
198,CUST-000198,Ramirez Group,Mid-Market,Government,2,20240725
199,CUST-000199,Mccoy-Allen,Mid-Market,Manufacturing,4,20250222
200,CUST-000200,Pierce-Sanchez,SMB,Retail,12,20240623
201,CUST-000201,Watson-Miranda,Mid-Market,Manufacturing,10,20240710
202,CUST-000202,Green and Sons,SMB,Hospitality,8,20240726
203,CUST-000203,Barker and Sons,Public Sector,Logistics,4,20250217
204,CUST-000204,"Graham, Williams and Taylor",SMB,Retail,13,20250513
205,CUST-000205,Robbins Ltd,Mid-Market,Education,11,20250419
206,CUST-000206,Copeland PLC,Enterprise,Government,9,20250112
207,CUST-000207,James Inc,SMB,Healthcare,11,20250129
208,CUST-000208,"Short, Peterson and Nixon",SMB,Manufacturing,9,20240909
209,CUST-000209,"Dominguez, Powers and Huang",Mid-Market,Hospitality,2,20241019
210,CUST-000210,Hunt-Stevens,Public Sector,Hospitality,11,20250130
211,CUST-000211,Walker Group,SMB,Logistics,9,20240706
212,CUST-000212,Ortiz Inc,Mid-Market,Retail,5,20250420
213,CUST-000213,"Burns, Norris and Richardson",Mid-Market,Manufacturing,6,20250309
214,CUST-000214,Sanchez-Conner,Mid-Market,Education,6,20241208
215,CUST-000215,Mccarthy and Sons,Mid-Market,Education,4,20241011
216,CUST-000216,Harper-Mullins,SMB,Education,14,20240929
217,CUST-000217,Flores-Miller,SMB,Education,12,20250109
218,CUST-000218,Caldwell-Fowler,SMB,Hospitality,3,20250114
219,CUST-000219,"Chavez, Jackson and French",Public Sector,Government,13,20250422
220,CUST-000220,Brown Ltd,Public Sector,Hospitality,10,20250305
221,CUST-000221,Richardson Ltd,Public Sector,Retail,5,20240607
222,CUST-000222,Moody-Schmidt,SMB,Manufacturing,6,20250119
223,CUST-000223,"Jones, Tanner and Graves",SMB,Healthcare,11,20241120
224,CUST-000224,Ware Ltd,Public Sector,Retail,9,20250122
225,CUST-000225,Cervantes-Lynch,Public Sector,Education,9,20241220
226,CUST-000226,Smith Ltd,Enterprise,Manufacturing,2,20250410
227,CUST-000227,Hays-Jenkins,Mid-Market,Government,9,20241206
228,CUST-000228,Hodges Group,Enterprise,Education,13,20241021
229,CUST-000229,Liu-Howard,Public Sector,Government,3,20241012
230,CUST-000230,Werner and Sons,SMB,Hospitality,6,20241209
231,CUST-000231,"Smith, Martin and Barron",Mid-Market,Healthcare,12,20241026
232,CUST-000232,"Quinn, Arroyo and Jenkins",SMB,Government,14,20250426
233,CUST-000233,Franco Inc,Mid-Market,Education,7,20250330
234,CUST-000234,Fry-Rios,Mid-Market,Healthcare,12,20240616
235,CUST-000235,"Moran, Cannon and Gutierrez",Mid-Market,Government,8,20240609
236,CUST-000236,"Henry, Kennedy and Ramos",SMB,Government,2,20250118
237,CUST-000237,Velazquez-Shaw,Public Sector,Government,5,20240728
238,CUST-000238,May and Sons,Public Sector,Government,5,20250520
239,CUST-000239,"Turner, Nichols and Lewis",SMB,Hospitality,1,20240604
240,CUST-000240,Abbott-Wang,Mid-Market,Retail,2,20241228
241,CUST-000241,Gray-Clayton,Mid-Market,Education,13,20250314
242,CUST-000242,Sanchez-Martinez,Mid-Market,Government,6,20240718
243,CUST-000243,"Miller, Harris and Jackson",Enterprise,Education,3,20240609
244,CUST-000244,Bowman-Thomas,Public Sector,Manufacturing,12,20250410
245,CUST-000245,Thomas-Thompson,SMB,Education,7,20250505
246,CUST-000246,Smith-Hill,Enterprise,Healthcare,1,20250131
247,CUST-000247,"Hawkins, Miranda and Martin",Public Sector,Government,10,20250509
248,CUST-000248,"Mack, Diaz and Wright",SMB,Hospitality,2,20241229
249,CUST-000249,Cervantes and Sons,Mid-Market,Retail,12,20250129
250,CUST-000250,Frank Inc,SMB,Retail,6,20241108
251,CUST-000251,Avila-Dixon,SMB,Education,11,20240830
252,CUST-000252,Campbell Inc,SMB,Manufacturing,5,20250312
253,CUST-000253,Carpenter Inc,SMB,Education,10,20250109
254,CUST-000254,Butler-Lee,SMB,Hospitality,6,20250208
255,CUST-000255,Jones-Johnson,Mid-Market,Hospitality,7,20241003
256,CUST-000256,Alvarez-Harrington,Enterprise,Government,10,20240714
257,CUST-000257,"Stewart, Lopez and Baker",SMB,Education,3,20250214
258,CUST-000258,Nolan-Francis,Mid-Market,Logistics,3,20240609
259,CUST-000259,"Sosa, West and Smith",Mid-Market,Hospitality,3,20240920
260,CUST-000260,"Taylor, Stout and Curtis",SMB,Healthcare,6,20241020
261,CUST-000261,Anderson PLC,SMB,Manufacturing,4,20250202
262,CUST-000262,"Eaton, Collins and Watkins",Enterprise,Manufacturing,13,20250423
263,CUST-000263,"Porter, Davis and Daniels",Mid-Market,Education,4,20240821
264,CUST-000264,Ross-Clark,SMB,Hospitality,4,20240602
265,CUST-000265,"Simmons, Jackson and Bowers",SMB,Healthcare,8,20241128
266,CUST-000266,"Gonzales, Davidson and Elliott",SMB,Education,5,20240624
267,CUST-000267,Ellison-Collins,Enterprise,Manufacturing,2,20250120
268,CUST-000268,Horne LLC,Mid-Market,Education,10,20241124
269,CUST-000269,Riley Ltd,Enterprise,Healthcare,4,20241205
270,CUST-000270,Schroeder Group,Mid-Market,Hospitality,9,20241109
271,CUST-000271,Hurley-Chen,Enterprise,Manufacturing,5,20250104
272,CUST-000272,"Richards, Jones and Briggs",Mid-Market,Retail,12,20250107
273,CUST-000273,Floyd Ltd,Public Sector,Retail,10,20240609
274,CUST-000274,"Lopez, Coleman and Cook",SMB,Manufacturing,3,20250204
275,CUST-000275,"Riley, Estrada and Rosales",SMB,Hospitality,1,20240807
276,CUST-000276,Carroll-Clark,Mid-Market,Government,7,20241107
277,CUST-000277,Hinton-Baker,SMB,Education,12,20250211
278,CUST-000278,"Johnson, Ellison and Kelly",SMB,Education,9,20241228
279,CUST-000279,Stewart-Walker,Mid-Market,Education,9,20250105
280,CUST-000280,Cobb-Hess,Mid-Market,Hospitality,13,20241014
281,CUST-000281,"Page, Golden and Ramirez",SMB,Retail,1,20250425
282,CUST-000282,Castillo-Bailey,Mid-Market,Hospitality,7,20241107
283,CUST-000283,Coleman-Munoz,Mid-Market,Hospitality,6,20240927
284,CUST-000284,Thomas and Sons,SMB,Government,1,20240919
285,CUST-000285,"Jordan, Olson and White",Mid-Market,Hospitality,11,20250211
286,CUST-000286,Orozco-Gates,SMB,Retail,2,20240818
287,CUST-000287,Gibbs and Sons,SMB,Healthcare,13,20250307
288,CUST-000288,Scott PLC,SMB,Education,2,20250104
289,CUST-000289,"Velasquez, Dodson and Fitzpatrick",SMB,Government,10,20250511
290,CUST-000290,Stein Inc,SMB,Hospitality,3,20241103
291,CUST-000291,Morgan PLC,SMB,Education,4,20241022
292,CUST-000292,Mitchell LLC,Public Sector,Logistics,10,20250423
293,CUST-000293,"Contreras, Harris and Cruz",Enterprise,Education,6,20250111
294,CUST-000294,Gregory-Davis,Mid-Market,Hospitality,4,20250126
295,CUST-000295,Davis Group,SMB,Hospitality,9,20250512
296,CUST-000296,Moran PLC,SMB,Logistics,4,20241228
297,CUST-000297,Brown-Lewis,Mid-Market,Logistics,7,20241026
298,CUST-000298,Carson-Kennedy,Mid-Market,Manufacturing,5,20240903
299,CUST-000299,Cooper LLC,Enterprise,Education,9,20250107
300,CUST-000300,Horton-Smith,Mid-Market,Healthcare,3,20250317
301,CUST-000301,Gardner-Johnson,SMB,Hospitality,14,20240603
302,CUST-000302,"Hamilton, Wood and Ward",SMB,Education,1,20241010
303,CUST-000303,"Miller, Simmons and Brown",Enterprise,Manufacturing,14,20240708
304,CUST-000304,Martin-Giles,Public Sector,Hospitality,14,20240613
305,CUST-000305,Herrera and Sons,Public Sector,Healthcare,2,20241121
306,CUST-000306,Harper-Moore,Enterprise,Manufacturing,4,20241024
307,CUST-000307,Bush Ltd,Public Sector,Manufacturing,11,20240620
308,CUST-000308,Wright-Lamb,Mid-Market,Retail,6,20250514
309,CUST-000309,Brown-Morgan,Enterprise,Logistics,4,20240716
310,CUST-000310,King-Bowers,Public Sector,Education,12,20250522
311,CUST-000311,Perez-Boyd,Public Sector,Logistics,1,20240719
312,CUST-000312,Rios-White,Mid-Market,Retail,14,20250317
313,CUST-000313,Moore-Compton,Mid-Market,Education,6,20250122
314,CUST-000314,Ferguson LLC,Mid-Market,Government,1,20250209
315,CUST-000315,"Stewart, Hart and Hooper",SMB,Healthcare,3,20250109
316,CUST-000316,Collins Group,Mid-Market,Retail,6,20240606
317,CUST-000317,Payne-Walters,SMB,Logistics,7,20240824
318,CUST-000318,Jacobs-Mclaughlin,Enterprise,Logistics,3,20240825
319,CUST-000319,Gonzalez-Mcguire,Enterprise,Manufacturing,3,20250126
320,CUST-000320,Williams Group,SMB,Education,3,20240612
321,CUST-000321,"Perkins, Mcdonald and Martinez",SMB,Government,6,20241006
322,CUST-000322,"Miller, Lopez and Leonard",Mid-Market,Logistics,1,20240816
323,CUST-000323,Daniel-Hoffman,Mid-Market,Retail,5,20240915
324,CUST-000324,Matthews-Haley,SMB,Retail,4,20250223
325,CUST-000325,Aguirre-Johnson,SMB,Government,6,20240901
326,CUST-000326,Mcdonald LLC,SMB,Education,10,20240924
327,CUST-000327,Allen Group,SMB,Logistics,9,20241109
328,CUST-000328,"Moore, Buchanan and Esparza",Public Sector,Manufacturing,7,20240724
329,CUST-000329,Blair Ltd,Mid-Market,Retail,5,20250308
330,CUST-000330,Marshall-Scott,Mid-Market,Government,7,20250407
331,CUST-000331,Evans PLC,Enterprise,Logistics,14,20250120
332,CUST-000332,Owens-Waters,Enterprise,Hospitality,13,20240815
333,CUST-000333,Luna-Barnett,Enterprise,Retail,9,20250325
334,CUST-000334,"Brennan, Elliott and Walker",Mid-Market,Hospitality,3,20240813
335,CUST-000335,"Haas, Branch and Lopez",Public Sector,Healthcare,5,20240905
336,CUST-000336,"Fields, Hunt and Compton",Enterprise,Manufacturing,7,20250228
337,CUST-000337,Lewis LLC,SMB,Hospitality,14,20241226
338,CUST-000338,Shields Ltd,SMB,Manufacturing,5,20240619
339,CUST-000339,Ward-Morgan,Public Sector,Retail,14,20241113
340,CUST-000340,Shaffer and Sons,Enterprise,Manufacturing,7,20250405
341,CUST-000341,Oconnor Ltd,Enterprise,Hospitality,11,20240726
342,CUST-000342,Mills Inc,SMB,Hospitality,12,20241111
343,CUST-000343,Erickson Inc,Mid-Market,Logistics,1,20240806
344,CUST-000344,Stevenson-Leblanc,Mid-Market,Manufacturing,8,20250125
345,CUST-000345,Humphrey LLC,SMB,Retail,12,20241221
346,CUST-000346,"Davis, Smith and Deleon",SMB,Hospitality,11,20241028
347,CUST-000347,Christian PLC,SMB,Education,8,20250507
348,CUST-000348,Cummings-Mendez,Public Sector,Manufacturing,3,20250518
349,CUST-000349,"Jones, Blair and Koch",SMB,Manufacturing,9,20240914
350,CUST-000350,"Ingram, Tran and Choi",Mid-Market,Logistics,2,20240914
351,CUST-000351,Jones-Mullins,SMB,Logistics,6,20240620
352,CUST-000352,Banks-Goodwin,Mid-Market,Healthcare,13,20240627
353,CUST-000353,Lee-Cox,Enterprise,Government,14,20250425
354,CUST-000354,Deleon-Gutierrez,SMB,Manufacturing,13,20240607
355,CUST-000355,"Nguyen, David and Fletcher",Public Sector,Healthcare,12,20240912
356,CUST-000356,Castillo-Scott,SMB,Healthcare,6,20240614
357,CUST-000357,"Johnson, Hunt and Cooper",Public Sector,Logistics,12,20240718
358,CUST-000358,Pierce-Barnes,Enterprise,Logistics,13,20240803
359,CUST-000359,"Fletcher, Nelson and Day",Public Sector,Manufacturing,7,20250401
360,CUST-000360,Weaver Group,SMB,Hospitality,11,20240708
361,CUST-000361,Carter-Carpenter,SMB,Education,11,20250221
362,CUST-000362,Thomas-Davis,SMB,Manufacturing,5,20241006
363,CUST-000363,"Carson, Ruiz and Harper",Mid-Market,Education,13,20250501
364,CUST-000364,Turner Inc,Mid-Market,Hospitality,13,20241019
365,CUST-000365,"Valencia, Turner and Watkins",Enterprise,Logistics,9,20241227
366,CUST-000366,Barnett-Dillon,SMB,Retail,2,20250515
367,CUST-000367,"Taylor, Mccoy and Berry",Mid-Market,Logistics,12,20250205
368,CUST-000368,"Matthews, Evans and Cervantes",Mid-Market,Logistics,11,20250214
369,CUST-000369,Stewart Ltd,Enterprise,Manufacturing,11,20241124
370,CUST-000370,Dixon LLC,Enterprise,Manufacturing,12,20250101
371,CUST-000371,Franco-Lawrence,Mid-Market,Government,5,20250122
372,CUST-000372,Parker PLC,SMB,Healthcare,9,20240916
373,CUST-000373,"Perry, Combs and Porter",Mid-Market,Logistics,4,20250325
374,CUST-000374,"Wright, Henry and Serrano",SMB,Retail,3,20250530
375,CUST-000375,Gallegos PLC,Enterprise,Manufacturing,14,20250127
376,CUST-000376,"Gray, Rice and Gonzalez",Enterprise,Education,5,20240907
377,CUST-000377,Kim-Chapman,Enterprise,Hospitality,8,20241102
378,CUST-000378,Chaney-Williams,Mid-Market,Manufacturing,8,20250509
379,CUST-000379,Sanchez Inc,Public Sector,Manufacturing,9,20240808
380,CUST-000380,Larson-Allen,Public Sector,Government,10,20241113
381,CUST-000381,"Schmidt, Johnson and Olson",Public Sector,Manufacturing,1,20241101
382,CUST-000382,Ho-Cooke,SMB,Hospitality,4,20241110
383,CUST-000383,Mcdonald-Cox,SMB,Government,1,20250217
384,CUST-000384,Harper-Brown,SMB,Hospitality,6,20241010
385,CUST-000385,Hawkins Ltd,SMB,Manufacturing,13,20240917
386,CUST-000386,French-Wilson,Mid-Market,Hospitality,9,20250305
387,CUST-000387,"Castillo, Greene and Stewart",Mid-Market,Hospitality,2,20250211
388,CUST-000388,Johnson LLC,SMB,Government,4,20250211
389,CUST-000389,"Lopez, Fox and Brown",Mid-Market,Hospitality,9,20240825
390,CUST-000390,"Conway, Campbell and Casey",SMB,Manufacturing,11,20241211
391,CUST-000391,Guzman-Reed,SMB,Logistics,4,20250530
392,CUST-000392,"Carr, Singh and Fuentes",Mid-Market,Logistics,10,20240623
393,CUST-000393,Ray and Sons,Public Sector,Logistics,1,20241007
394,CUST-000394,Butler LLC,Enterprise,Logistics,2,20241219
395,CUST-000395,"Terry, Taylor and Schultz",SMB,Education,1,20250501
396,CUST-000396,Atkinson-Wilkins,SMB,Healthcare,1,20250202
397,CUST-000397,Turner-Hill,Mid-Market,Retail,4,20250103
398,CUST-000398,"Caldwell, Cooper and Landry",Mid-Market,Logistics,11,20250119
399,CUST-000399,Olson LLC,SMB,Healthcare,7,20241003
400,CUST-000400,Atkins Group,SMB,Government,7,20250214
401,CUST-000401,"Gross, Blankenship and Ramsey",Enterprise,Hospitality,11,20250202
402,CUST-000402,"Reid, Conley and Smith",SMB,Education,6,20240909
403,CUST-000403,Hernandez-Dawson,Enterprise,Logistics,10,20240905
404,CUST-000404,Miller-Holmes,Enterprise,Hospitality,2,20241209
405,CUST-000405,Carpenter and Sons,SMB,Hospitality,5,20250407
406,CUST-000406,"Cunningham, Grant and Robinson",SMB,Logistics,10,20241125
407,CUST-000407,Forbes-Morrison,Enterprise,Manufacturing,4,20240919
408,CUST-000408,"Evans, Cole and Johnson",SMB,Education,1,20241231
409,CUST-000409,Salas-Love,Enterprise,Manufacturing,12,20241107
410,CUST-000410,"Acevedo, Cox and Haynes",Enterprise,Government,11,20241127
411,CUST-000411,Miller-Lindsey,SMB,Hospitality,9,20241126
412,CUST-000412,Chavez and Sons,Mid-Market,Logistics,9,20250508
413,CUST-000413,Davidson Group,SMB,Logistics,8,20240620
414,CUST-000414,Hansen LLC,Mid-Market,Logistics,2,20241223
415,CUST-000415,Robbins-Burgess,SMB,Healthcare,12,20240916
416,CUST-000416,Brown LLC,Public Sector,Government,11,20240904
417,CUST-000417,"Woodard, Adams and Schneider",SMB,Healthcare,8,20241223
418,CUST-000418,Maddox Ltd,Enterprise,Government,9,20241030
419,CUST-000419,"Robbins, Banks and Preston",Enterprise,Manufacturing,6,20240705
420,CUST-000420,"Thomas, White and Butler",SMB,Education,11,20250317
421,CUST-000421,"Miller, Branch and Hall",Mid-Market,Hospitality,4,20241115
422,CUST-000422,Bryant-Sanchez,Mid-Market,Education,10,20241101
423,CUST-000423,"Fowler, Gilbert and Cervantes",Enterprise,Healthcare,6,20250124
424,CUST-000424,Richards-Howell,Public Sector,Government,11,20250413
425,CUST-000425,Warner Inc,Public Sector,Logistics,1,20250525
426,CUST-000426,Smith-Wells,SMB,Healthcare,10,20241024
427,CUST-000427,Velasquez-Petersen,Enterprise,Logistics,4,20240817
428,CUST-000428,"Miller, Burgess and Steele",SMB,Retail,2,20250314
429,CUST-000429,"Adams, Bailey and Miller",SMB,Logistics,13,20241201
430,CUST-000430,"Ramirez, Thomas and Martin",SMB,Government,12,20240722
431,CUST-000431,Levy-Gonzales,Enterprise,Logistics,11,20250419
432,CUST-000432,"Ramirez, Callahan and Ryan",Mid-Market,Government,12,20240922
433,CUST-000433,Aguilar PLC,Public Sector,Government,12,20250429
434,CUST-000434,"Schmitt, Lewis and Rogers",SMB,Retail,14,20250421
435,CUST-000435,"Carlson, Santana and Gardner",Enterprise,Education,8,20241231
436,CUST-000436,"Elliott, Kelly and Foster",Public Sector,Healthcare,8,20240627
437,CUST-000437,Chen-Ramirez,Mid-Market,Logistics,8,20240707
438,CUST-000438,Townsend-Taylor,Mid-Market,Government,11,20240818
439,CUST-000439,Barnett-Garcia,SMB,Hospitality,7,20250106
440,CUST-000440,"Jones, Herrera and Russell",SMB,Manufacturing,12,20240920
441,CUST-000441,Beck and Sons,SMB,Healthcare,6,20240602
442,CUST-000442,Conley LLC,SMB,Education,5,20240725
443,CUST-000443,"Hancock, Oconnell and Dixon",SMB,Government,2,20241130
444,CUST-000444,Oconnor-Robinson,SMB,Government,14,20250422
445,CUST-000445,Powers-Jones,Mid-Market,Logistics,14,20240713
446,CUST-000446,Hayes-Dawson,Enterprise,Logistics,12,20240813
447,CUST-000447,Cooper-Nichols,Enterprise,Education,5,20250416
448,CUST-000448,Dillon-Ho,Mid-Market,Government,5,20250319
449,CUST-000449,Moore-Bullock,Public Sector,Manufacturing,12,20240611
450,CUST-000450,Cook-King,SMB,Hospitality,10,20250423
451,CUST-000451,"Taylor, Ross and Herrera",Public Sector,Education,12,20241120
452,CUST-000452,Doyle-Kane,Mid-Market,Government,10,20250307
453,CUST-000453,Haley PLC,Mid-Market,Hospitality,11,20250316
454,CUST-000454,Jefferson Group,SMB,Government,7,20241203
455,CUST-000455,Stevens-Singh,SMB,Logistics,1,20250201
456,CUST-000456,Johnson Ltd,SMB,Education,6,20250509
457,CUST-000457,Wong-Tate,Public Sector,Manufacturing,10,20240705
458,CUST-000458,"Bennett, Nielsen and Simmons",Mid-Market,Healthcare,7,20241103
459,CUST-000459,"Davis, Jackson and Garcia",SMB,Government,8,20240912
460,CUST-000460,"Gonzales, Gibbs and Pearson",Enterprise,Manufacturing,13,20241020
461,CUST-000461,"Berg, Mccarthy and Hendricks",SMB,Manufacturing,9,20241016
462,CUST-000462,Brown and Sons,Mid-Market,Government,4,20240605
463,CUST-000463,"Wilson, Wolf and George",Mid-Market,Government,2,20241223
464,CUST-000464,Cruz Group,Mid-Market,Government,12,20250523
465,CUST-000465,"Bowman, Sanchez and Davis",Mid-Market,Manufacturing,9,20240804
466,CUST-000466,Ryan and Sons,Mid-Market,Logistics,10,20241027
467,CUST-000467,"Rogers, Floyd and Smith",Enterprise,Retail,14,20241013
468,CUST-000468,Fisher Inc,Mid-Market,Logistics,8,20250502
469,CUST-000469,Padilla-Reese,Enterprise,Retail,11,20250302
470,CUST-000470,Clark-Anderson,Enterprise,Government,10,20240805
471,CUST-000471,Rodriguez Inc,SMB,Education,10,20250410
472,CUST-000472,"Randall, Boyd and Ruiz",Enterprise,Retail,8,20241024
473,CUST-000473,Lynn-Cannon,Mid-Market,Government,5,20240806
474,CUST-000474,Gardner LLC,Enterprise,Government,6,20250428
475,CUST-000475,Thomas Group,SMB,Education,9,20241211
476,CUST-000476,Mckenzie and Sons,SMB,Manufacturing,7,20241002
477,CUST-000477,"Daniels, Zimmerman and Wells",Public Sector,Healthcare,5,20240827
478,CUST-000478,Livingston-Lopez,Enterprise,Hospitality,10,20250111
479,CUST-000479,"Ortiz, Williams and Wright",Mid-Market,Retail,11,20240615
480,CUST-000480,Kennedy-Warner,SMB,Logistics,12,20241018
481,CUST-000481,Allen Inc,Public Sector,Healthcare,1,20240912
482,CUST-000482,"Conley, Howe and Finley",SMB,Logistics,13,20250403
483,CUST-000483,Stephens-Berry,SMB,Healthcare,7,20250211
484,CUST-000484,"Chase, Adams and Gilmore",Mid-Market,Government,7,20241004
485,CUST-000485,Jackson-Soto,SMB,Education,1,20250304
486,CUST-000486,Andrade-Johnson,Public Sector,Government,6,20250526
487,CUST-000487,Morrison Group,SMB,Healthcare,8,20240602
488,CUST-000488,Delgado LLC,Mid-Market,Healthcare,6,20250527
489,CUST-000489,Simon Inc,Mid-Market,Retail,13,20241207
490,CUST-000490,Perez LLC,Mid-Market,Education,2,20240726
491,CUST-000491,Tyler-Miles,Mid-Market,Government,14,20250222
492,CUST-000492,"Reynolds, Smith and Roberts",Mid-Market,Retail,6,20240610
493,CUST-000493,Lozano and Sons,SMB,Healthcare,9,20241123
494,CUST-000494,Austin-Brown,Public Sector,Hospitality,2,20240814
495,CUST-000495,Mann-Taylor,SMB,Hospitality,7,20240816
496,CUST-000496,Stanton Inc,SMB,Education,13,20250305
497,CUST-000497,Hawkins-Woodard,Enterprise,Manufacturing,8,20241217
498,CUST-000498,Cline-Payne,Public Sector,Education,13,20250521
499,CUST-000499,Howell Inc,Mid-Market,Healthcare,2,20241005
500,CUST-000500,Hanson-Henson,Mid-Market,Retail,14,20250527
501,CUST-000501,Scott-Flores,Mid-Market,Education,13,20240715
502,CUST-000502,Cox Inc,Public Sector,Hospitality,10,20250315
503,CUST-000503,"Morales, Black and Gilbert",Public Sector,Retail,9,20250321
504,CUST-000504,Mathis Inc,SMB,Hospitality,4,20241016
505,CUST-000505,Lucero-Morgan,Public Sector,Education,5,20240828
506,CUST-000506,"Barrett, Knight and Hernandez",SMB,Education,6,20240615
507,CUST-000507,"Watson, Johnson and Glass",Mid-Market,Manufacturing,10,20241224
508,CUST-000508,Rubio Ltd,Public Sector,Government,9,20241129
509,CUST-000509,Prince-Porter,Mid-Market,Healthcare,13,20240614
510,CUST-000510,Matthews Group,Enterprise,Healthcare,5,20241106
511,CUST-000511,Bates-Hammond,SMB,Government,14,20250323
512,CUST-000512,"Smith, James and Allen",Mid-Market,Healthcare,5,20241104
513,CUST-000513,"Mccullough, Murray and Wheeler",Enterprise,Education,3,20241009
514,CUST-000514,"Taylor, Maddox and Williams",SMB,Healthcare,3,20241103
515,CUST-000515,Logan Ltd,SMB,Education,1,20240905
516,CUST-000516,Boyd Group,Public Sector,Healthcare,6,20250313
517,CUST-000517,Chapman-Blackwell,Mid-Market,Healthcare,8,20241201
518,CUST-000518,Whitehead Ltd,SMB,Education,10,20240923
519,CUST-000519,West-Russell,Enterprise,Logistics,10,20241126
520,CUST-000520,Mclaughlin Inc,Public Sector,Logistics,5,20241111
521,CUST-000521,"Crawford, Sandoval and Holt",SMB,Logistics,4,20240606
522,CUST-000522,Ryan-Dixon,SMB,Logistics,9,20240930
523,CUST-000523,Brown-Tucker,SMB,Education,14,20240707
524,CUST-000524,Lopez-Jackson,Mid-Market,Healthcare,6,20240709
525,CUST-000525,Arnold-Fernandez,SMB,Hospitality,10,20240916
526,CUST-000526,"Evans, Lewis and Harper",Enterprise,Government,6,20250410
527,CUST-000527,Young Inc,Enterprise,Retail,2,20250505
528,CUST-000528,"Perez, Hull and Mueller",SMB,Manufacturing,9,20240713
529,CUST-000529,"Wright, Conway and Keller",SMB,Retail,6,20250506
530,CUST-000530,"Schwartz, Wagner and Woods",Public Sector,Hospitality,12,20240611
531,CUST-000531,"Valdez, Garcia and Perez",SMB,Education,8,20250524
532,CUST-000532,Vasquez PLC,Public Sector,Retail,14,20250401
533,CUST-000533,Schneider-Santos,Mid-Market,Education,5,20240820
534,CUST-000534,Keller Group,Enterprise,Healthcare,13,20250419
535,CUST-000535,Hernandez-Nichols,Enterprise,Logistics,14,20241210
536,CUST-000536,Good-Gilbert,Mid-Market,Education,2,20240717
537,CUST-000537,Parker-Wilson,Public Sector,Government,5,20250116
538,CUST-000538,"Williams, Collins and Vaughn",Public Sector,Healthcare,12,20240924
539,CUST-000539,"King, Walker and Ferguson",Enterprise,Retail,11,20241231
540,CUST-000540,Kim Group,SMB,Retail,9,20241030
541,CUST-000541,George-Phillips,SMB,Retail,1,20241229
542,CUST-000542,Clarke LLC,Mid-Market,Logistics,3,20240911
543,CUST-000543,Weiss-Mack,Enterprise,Retail,9,20250210
544,CUST-000544,Harris-Lopez,SMB,Hospitality,13,20250312
545,CUST-000545,Smith-Mcneil,Mid-Market,Education,8,20250403
546,CUST-000546,Mccarthy-Taylor,Mid-Market,Education,5,20240728
547,CUST-000547,Maxwell-Morgan,SMB,Manufacturing,4,20241012
548,CUST-000548,Flores and Sons,Public Sector,Hospitality,10,20250530
549,CUST-000549,Chandler-Stone,Mid-Market,Government,11,20241217
550,CUST-000550,Mckinney-Wells,SMB,Government,9,20250119
551,CUST-000551,Moore-Bell,Mid-Market,Government,11,20241117
552,CUST-000552,Ellis-Landry,Enterprise,Education,3,20240907
553,CUST-000553,"Lawson, Fletcher and Roberts",Mid-Market,Manufacturing,6,20250426
554,CUST-000554,"Munoz, Patterson and Ramirez",SMB,Healthcare,4,20250504
555,CUST-000555,Carroll-Cisneros,Enterprise,Logistics,3,20240603
556,CUST-000556,Chavez-Walsh,SMB,Logistics,12,20250412
557,CUST-000557,Lamb Inc,Enterprise,Logistics,5,20240730
558,CUST-000558,"Sanchez, Weiss and Hensley",Mid-Market,Healthcare,8,20241106
559,CUST-000559,Blackwell-Bautista,Public Sector,Government,5,20250111
560,CUST-000560,"Rodriguez, Davis and Lam",Mid-Market,Manufacturing,4,20250110
561,CUST-000561,Pena-Flores,Public Sector,Retail,10,20250116
562,CUST-000562,Lee-Arnold,Mid-Market,Healthcare,13,20250116
563,CUST-000563,Henry LLC,Mid-Market,Hospitality,13,20241117
564,CUST-000564,"Lee, Evans and Hunter",Mid-Market,Logistics,3,20240707
565,CUST-000565,Johnson PLC,Mid-Market,Government,12,20250205
566,CUST-000566,"Hines, Gomez and Greene",SMB,Education,13,20241028
567,CUST-000567,"Myers, Barber and Wilcox",SMB,Logistics,9,20240916
568,CUST-000568,Miller and Sons,Mid-Market,Education,7,20250220
569,CUST-000569,Price and Sons,SMB,Logistics,12,20240616
570,CUST-000570,Simpson-Baker,Mid-Market,Retail,3,20250512
571,CUST-000571,"Sims, Morgan and Olson",Mid-Market,Logistics,8,20240807
572,CUST-000572,Kelly Inc,Public Sector,Manufacturing,10,20250124
573,CUST-000573,"Frey, Flynn and Pena",SMB,Logistics,9,20250410
574,CUST-000574,Phillips-Mccoy,SMB,Retail,14,20241022
575,CUST-000575,Brown-Morrison,Public Sector,Manufacturing,14,20240723
576,CUST-000576,Obrien LLC,Mid-Market,Retail,11,20250224
577,CUST-000577,"Howard, Mejia and Smith",Public Sector,Hospitality,6,20240617
578,CUST-000578,Miller-Benson,SMB,Education,14,20241123
579,CUST-000579,Hays-Bennett,Public Sector,Logistics,8,20250216
580,CUST-000580,Romero PLC,SMB,Manufacturing,2,20240720
581,CUST-000581,"Jackson, Houston and Montes",SMB,Education,8,20250502
582,CUST-000582,Nguyen LLC,Enterprise,Government,7,20240908
583,CUST-000583,"Ramirez, Rodriguez and Miller",Enterprise,Hospitality,4,20250207
584,CUST-000584,Mcintyre LLC,Mid-Market,Manufacturing,4,20240901
585,CUST-000585,Cunningham and Sons,Mid-Market,Manufacturing,7,20240617
586,CUST-000586,Mcgee-Hampton,Enterprise,Hospitality,9,20250218
587,CUST-000587,"Graham, Livingston and Perry",SMB,Logistics,10,20240905
588,CUST-000588,Scott-Torres,Public Sector,Retail,12,20250301
589,CUST-000589,Davis and Sons,SMB,Education,2,20250228
590,CUST-000590,Blackburn-Grant,SMB,Education,7,20240915
591,CUST-000591,Dean-Peterson,Mid-Market,Logistics,2,20250331
592,CUST-000592,"Bautista, Wilson and Gilbert",SMB,Logistics,5,20250202
593,CUST-000593,Davidson-Robinson,Mid-Market,Logistics,7,20240617
594,CUST-000594,"Mitchell, Gregory and Reynolds",SMB,Manufacturing,13,20241007
595,CUST-000595,"Scott, Munoz and Holmes",SMB,Retail,5,20240821
596,CUST-000596,"Bryant, Norman and Malone",SMB,Logistics,1,20250405
597,CUST-000597,"Huffman, Bowers and Bailey",Mid-Market,Manufacturing,2,20241015
598,CUST-000598,"Mcgee, Campos and Thomas",SMB,Hospitality,8,20240609
599,CUST-000599,Bond LLC,SMB,Healthcare,11,20250522
600,CUST-000600,Collins-Good,Public Sector,Retail,7,20241207
601,CUST-000601,"Kennedy, Moore and Brown",Public Sector,Manufacturing,9,20250322
602,CUST-000602,Russell-Hernandez,SMB,Education,13,20250109
603,CUST-000603,Fisher and Sons,Public Sector,Education,6,20241129
604,CUST-000604,Henderson Inc,Public Sector,Logistics,10,20240726
605,CUST-000605,Bennett-Bradford,Mid-Market,Hospitality,1,20241229
606,CUST-000606,Miller PLC,Mid-Market,Manufacturing,10,20240816
607,CUST-000607,Mcmahon-Mccann,Mid-Market,Healthcare,13,20240704
608,CUST-000608,"Wise, Hardy and Caldwell",Public Sector,Retail,10,20250403
609,CUST-000609,Poole Inc,Mid-Market,Retail,5,20240804
610,CUST-000610,"Huang, White and Walters",Mid-Market,Healthcare,2,20240921
611,CUST-000611,Lucas-Weaver,Mid-Market,Education,9,20240828
612,CUST-000612,"Palmer, Maldonado and Thompson",Mid-Market,Logistics,6,20250124
613,CUST-000613,Weeks Ltd,Public Sector,Healthcare,11,20250412
614,CUST-000614,Black PLC,Public Sector,Government,7,20240920
615,CUST-000615,Sanchez PLC,SMB,Manufacturing,5,20241130
616,CUST-000616,"Lopez, Randall and Klein",SMB,Retail,13,20250423
617,CUST-000617,"Bennett, Brown and Rodriguez",Mid-Market,Manufacturing,9,20241127
618,CUST-000618,"Scott, Robertson and Vazquez",SMB,Logistics,13,20240901
619,CUST-000619,Mccarthy and Sons,SMB,Manufacturing,14,20240831
620,CUST-000620,Diaz-Valentine,SMB,Logistics,3,20250426
621,CUST-000621,"Davis, Johnson and Banks",SMB,Hospitality,11,20240812
622,CUST-000622,"Castaneda, Avila and Cohen",Mid-Market,Healthcare,14,20241231
623,CUST-000623,Miller PLC,Public Sector,Logistics,8,20241107
624,CUST-000624,Benton Inc,Enterprise,Education,10,20250128
625,CUST-000625,Wolfe-Brown,SMB,Hospitality,2,20250113
626,CUST-000626,"Scott, Gardner and Santos",Mid-Market,Education,6,20240706
627,CUST-000627,Mccarthy Ltd,Mid-Market,Education,13,20240912
628,CUST-000628,"Bell, Schmidt and Miranda",Mid-Market,Healthcare,8,20241210
629,CUST-000629,Simon-Cruz,Mid-Market,Hospitality,2,20240715
630,CUST-000630,Martinez Group,SMB,Hospitality,9,20241124
631,CUST-000631,Lucas and Sons,Public Sector,Government,12,20241104
632,CUST-000632,Hodge-Lewis,SMB,Government,13,20240627
633,CUST-000633,Spencer-Harmon,SMB,Healthcare,9,20240627
634,CUST-000634,Osborne Group,Enterprise,Government,5,20241023
635,CUST-000635,Alvarez-Perez,SMB,Manufacturing,4,20250418
636,CUST-000636,Knight-Mcdonald,SMB,Government,3,20240708
637,CUST-000637,"Trevino, Ritter and Ramirez",Enterprise,Logistics,12,20240812
638,CUST-000638,Parker-Green,SMB,Manufacturing,1,20241003
639,CUST-000639,Fisher-Snyder,Mid-Market,Manufacturing,3,20240912
640,CUST-000640,"Hughes, Osborne and Anderson",SMB,Government,12,20241210
641,CUST-000641,Robertson and Sons,SMB,Healthcare,2,20240706
642,CUST-000642,Edwards-Herrera,SMB,Manufacturing,9,20250222
643,CUST-000643,Simpson Ltd,SMB,Healthcare,12,20240908
644,CUST-000644,"Rasmussen, Gonzalez and Fuller",Public Sector,Logistics,1,20250104
645,CUST-000645,Spencer-Reyes,SMB,Healthcare,1,20250429
646,CUST-000646,Carter-Patel,SMB,Hospitality,1,20240802
647,CUST-000647,Santiago Group,SMB,Education,2,20250404
648,CUST-000648,Roberts-White,SMB,Government,13,20240710
649,CUST-000649,"Ramos, Garcia and Bailey",Public Sector,Government,1,20250304
650,CUST-000650,Hebert Inc,SMB,Hospitality,9,20241030
651,CUST-000651,"George, Oliver and Sparks",SMB,Healthcare,12,20250114
652,CUST-000652,"Smith, Arnold and Fletcher",SMB,Logistics,2,20250227
653,CUST-000653,Fuentes and Sons,Enterprise,Education,6,20250204
654,CUST-000654,"Hooper, Smith and Gomez",Mid-Market,Healthcare,2,20250103
655,CUST-000655,Patrick Ltd,Enterprise,Healthcare,3,20241104
656,CUST-000656,Thornton-Barnes,Public Sector,Education,9,20241025
657,CUST-000657,Carter-White,SMB,Government,4,20240701
658,CUST-000658,Schneider-Stevens,SMB,Retail,6,20250130
659,CUST-000659,"Perez, Reid and Johnson",Public Sector,Education,8,20250318
660,CUST-000660,"Ingram, Thomas and Morris",Mid-Market,Education,9,20241007
661,CUST-000661,Barnes Inc,Mid-Market,Retail,5,20250415
662,CUST-000662,"Montes, Brown and Davis",Mid-Market,Retail,7,20250128
663,CUST-000663,Macias-Summers,Mid-Market,Hospitality,9,20241215
664,CUST-000664,Brown-Strong,SMB,Retail,3,20250212
665,CUST-000665,Sandoval PLC,Enterprise,Education,4,20241231
666,CUST-000666,Ramos and Sons,Mid-Market,Manufacturing,8,20240701
667,CUST-000667,Warren-Rosales,Mid-Market,Government,11,20241125
668,CUST-000668,"Beasley, Travis and Lloyd",Enterprise,Government,10,20241221
669,CUST-000669,"Frank, Brown and Turner",SMB,Retail,3,20250131
670,CUST-000670,"Myers, Burnett and Johnson",Mid-Market,Manufacturing,1,20250510
671,CUST-000671,"Fuentes, Reed and Dougherty",Enterprise,Logistics,5,20250421
672,CUST-000672,Oliver-Riley,Enterprise,Hospitality,10,20250113
673,CUST-000673,Buchanan-Harper,Public Sector,Logistics,6,20240717
674,CUST-000674,Powers-Ray,Public Sector,Healthcare,11,20250403
675,CUST-000675,"Hunt, Harris and Escobar",SMB,Hospitality,12,20250529
676,CUST-000676,Hill-Wagner,Enterprise,Manufacturing,4,20250529
677,CUST-000677,Mitchell-Duncan,Enterprise,Hospitality,3,20240828
678,CUST-000678,"Martin, Edwards and Jones",Public Sector,Government,3,20240604
679,CUST-000679,Hammond and Sons,SMB,Government,13,20240901
680,CUST-000680,"Hall, Henderson and Stewart",SMB,Government,7,20250528
681,CUST-000681,"Lee, Young and Anderson",Mid-Market,Education,5,20241027
682,CUST-000682,"Rogers, Lin and Conrad",Public Sector,Healthcare,5,20250426
683,CUST-000683,Garcia and Sons,Public Sector,Hospitality,10,20240926
684,CUST-000684,Roberts Inc,SMB,Retail,1,20240813
685,CUST-000685,Moss-Schmidt,SMB,Government,3,20241113
686,CUST-000686,Smith Ltd,Enterprise,Retail,13,20240718
687,CUST-000687,Smith Inc,SMB,Education,1,20250203
688,CUST-000688,"Bennett, Haney and Perez",Enterprise,Hospitality,6,20240813
689,CUST-000689,"Pena, Mora and Curry",SMB,Logistics,1,20240622
690,CUST-000690,Carroll-Martin,SMB,Manufacturing,1,20250113
691,CUST-000691,Rodgers-Williams,Mid-Market,Hospitality,7,20250224
692,CUST-000692,King Ltd,SMB,Manufacturing,5,20250519
693,CUST-000693,"Ryan, Rose and Martin",SMB,Government,13,20241120
694,CUST-000694,"Kent, Mcdonald and Rowe",Enterprise,Logistics,1,20250410
695,CUST-000695,"Carr, Olson and Perez",Mid-Market,Hospitality,8,20240619
696,CUST-000696,Jenkins LLC,SMB,Hospitality,12,20241125
697,CUST-000697,Gordon-Nielsen,Enterprise,Hospitality,13,20250127
698,CUST-000698,"Brown, White and Barrera",SMB,Manufacturing,6,20240805
699,CUST-000699,Henry Ltd,SMB,Retail,11,20250323
700,CUST-000700,"Wheeler, Meyer and Baxter",Mid-Market,Manufacturing,12,20240913
701,CUST-000701,Marsh Ltd,Public Sector,Logistics,14,20250201
702,CUST-000702,Odom LLC,Mid-Market,Manufacturing,8,20241025
703,CUST-000703,Johnson and Sons,SMB,Retail,9,20240825
704,CUST-000704,Mcconnell-Hill,Public Sector,Retail,2,20240603
705,CUST-000705,Medina-Romero,Mid-Market,Education,12,20240927
706,CUST-000706,"Williams, Nolan and Avila",SMB,Education,6,20250206
707,CUST-000707,Jackson Inc,Public Sector,Manufacturing,4,20241213
708,CUST-000708,Brock PLC,Mid-Market,Education,11,20250228
709,CUST-000709,Malone-Long,Mid-Market,Hospitality,11,20240627
710,CUST-000710,Mata-Lee,Enterprise,Education,4,20241027
711,CUST-000711,"Fox, White and Patterson",SMB,Retail,12,20241211
712,CUST-000712,"Burns, Munoz and Fletcher",SMB,Education,1,20250518
713,CUST-000713,Mclaughlin-Becker,Mid-Market,Manufacturing,1,20250410
714,CUST-000714,Carlson LLC,Mid-Market,Education,13,20250321
715,CUST-000715,"Moore, Coleman and Crawford",SMB,Government,4,20241110
716,CUST-000716,"Torres, Cruz and Martinez",SMB,Education,8,20241230
717,CUST-000717,Ross-Black,SMB,Healthcare,3,20241005
718,CUST-000718,Harris Ltd,Mid-Market,Government,10,20250303
719,CUST-000719,Murphy-Callahan,SMB,Logistics,3,20250404
720,CUST-000720,Smith and Sons,Public Sector,Retail,3,20241009
721,CUST-000721,Mitchell-Smith,SMB,Retail,14,20240924
722,CUST-000722,Ford and Sons,Mid-Market,Retail,1,20241110
723,CUST-000723,"Patel, Espinoza and Mathews",Mid-Market,Government,13,20250505
724,CUST-000724,"Krueger, Rivera and Fuller",Enterprise,Education,7,20250207
725,CUST-000725,"Lawrence, Mcmillan and Bailey",Enterprise,Retail,12,20250401
726,CUST-000726,Sullivan LLC,SMB,Hospitality,3,20240615
727,CUST-000727,"Diaz, Herrera and Baker",SMB,Government,2,20241209
728,CUST-000728,Smith-Hall,SMB,Healthcare,4,20241202
729,CUST-000729,"Salazar, Rogers and Walker",Public Sector,Logistics,9,20241216
730,CUST-000730,"Thomas, Randall and Rangel",SMB,Manufacturing,14,20250425
731,CUST-000731,Brown-Berry,Enterprise,Logistics,13,20240818
732,CUST-000732,Hudson LLC,Enterprise,Healthcare,3,20250529
733,CUST-000733,Bradley-Wright,SMB,Hospitality,10,20241218
734,CUST-000734,"Thomas, Black and Hamilton",SMB,Logistics,4,20240923
735,CUST-000735,Smith PLC,SMB,Logistics,3,20250106
736,CUST-000736,Sanders-Simmons,SMB,Retail,8,20250406
737,CUST-000737,Marquez-Richardson,Mid-Market,Logistics,6,20250406
738,CUST-000738,Jackson LLC,SMB,Education,10,20241023
739,CUST-000739,"Copeland, Johnson and Robinson",SMB,Government,3,20250104
740,CUST-000740,"Richardson, Hood and Welch",SMB,Manufacturing,12,20241104
741,CUST-000741,"Graves, Lee and James",Public Sector,Retail,2,20250127
742,CUST-000742,Bush Inc,Mid-Market,Manufacturing,4,20240914
743,CUST-000743,"Mckinney, Rodriguez and Webb",Mid-Market,Government,14,20241109
744,CUST-000744,Blake-Young,Mid-Market,Hospitality,11,20240920
745,CUST-000745,Young-Jackson,Enterprise,Education,7,20241025
746,CUST-000746,Wood-Knight,SMB,Logistics,3,20250124
747,CUST-000747,"Davis, Nicholson and Carter",Enterprise,Government,9,20241006
748,CUST-000748,Rasmussen-Davis,Public Sector,Hospitality,11,20250423
749,CUST-000749,Espinoza PLC,Mid-Market,Government,12,20250329
750,CUST-000750,Davis PLC,SMB,Hospitality,6,20240629
751,CUST-000751,Ballard-Smith,Mid-Market,Government,5,20250321
752,CUST-000752,Montes LLC,Mid-Market,Manufacturing,3,20241014
753,CUST-000753,Black and Sons,SMB,Logistics,1,20240927
754,CUST-000754,Petersen-Dixon,Mid-Market,Manufacturing,4,20241119
755,CUST-000755,"Griffin, Gay and Brown",SMB,Healthcare,9,20240815
756,CUST-000756,Mckay PLC,SMB,Manufacturing,5,20240629
757,CUST-000757,Walls-Ball,SMB,Government,3,20250319
758,CUST-000758,"Adams, Hubbard and Schwartz",Public Sector,Retail,10,20240613
759,CUST-000759,"Fletcher, Fisher and Daniel",Mid-Market,Manufacturing,3,20250220
760,CUST-000760,Mcguire Group,Enterprise,Hospitality,14,20240730
761,CUST-000761,"Lloyd, Chan and Smith",Enterprise,Manufacturing,5,20241221
762,CUST-000762,Levy-Miller,Public Sector,Government,6,20241206
763,CUST-000763,Houston-Alvarez,Mid-Market,Education,2,20241015
764,CUST-000764,"Webster, Hernandez and King",SMB,Healthcare,1,20240905
765,CUST-000765,"Ashley, Solomon and Fowler",Mid-Market,Manufacturing,6,20240916
766,CUST-000766,Smith-Garcia,SMB,Government,13,20250430
767,CUST-000767,Smith-Graves,SMB,Education,7,20240828
768,CUST-000768,"Hicks, Molina and Mcdonald",Enterprise,Hospitality,1,20250423
769,CUST-000769,Cardenas Group,SMB,Healthcare,12,20250203
770,CUST-000770,Hunter-Wright,Enterprise,Hospitality,3,20240929
771,CUST-000771,Montgomery-Harris,Public Sector,Education,11,20240827
772,CUST-000772,"Harrington, Ford and Brown",Public Sector,Logistics,10,20241205
773,CUST-000773,Adams LLC,SMB,Healthcare,8,20240824
774,CUST-000774,Holmes Inc,Mid-Market,Logistics,7,20240717
775,CUST-000775,Hughes Ltd,Public Sector,Education,12,20240607
776,CUST-000776,"Reynolds, Rodriguez and Guerrero",SMB,Healthcare,2,20250315
777,CUST-000777,Patton-Miller,SMB,Hospitality,10,20240602
778,CUST-000778,Henderson Group,Mid-Market,Education,5,20240930
779,CUST-000779,Gonzalez-Daniel,SMB,Education,5,20240626
780,CUST-000780,Barrett PLC,SMB,Government,8,20250211
781,CUST-000781,Kelly PLC,Public Sector,Healthcare,1,20240930
782,CUST-000782,Taylor Ltd,Public Sector,Manufacturing,6,20250107
783,CUST-000783,"Brennan, Santos and Davis",SMB,Manufacturing,5,20240725
784,CUST-000784,"Robinson, Washington and Randall",SMB,Government,13,20250529
785,CUST-000785,Ruiz-Miller,Mid-Market,Healthcare,12,20240802
786,CUST-000786,Johnson-Weber,SMB,Hospitality,9,20250123
787,CUST-000787,"Richards, Baker and Weaver",SMB,Hospitality,9,20240606
788,CUST-000788,Roman PLC,SMB,Retail,11,20240710
789,CUST-000789,Moore-Lucas,Enterprise,Hospitality,8,20241223
790,CUST-000790,"Daugherty, Norman and Baxter",SMB,Manufacturing,3,20241008
791,CUST-000791,Greer and Sons,Mid-Market,Manufacturing,13,20240903
792,CUST-000792,Petty-Johnson,SMB,Retail,1,20240607
793,CUST-000793,"Evans, Williamson and Davis",Enterprise,Retail,1,20250525
794,CUST-000794,Miller Ltd,Public Sector,Manufacturing,12,20241229
795,CUST-000795,"Davis, Torres and Gibson",Mid-Market,Healthcare,14,20240619
796,CUST-000796,Hill-Bates,Public Sector,Logistics,9,20250317
797,CUST-000797,Brown-Brown,Mid-Market,Logistics,10,20240912
798,CUST-000798,Wood Ltd,SMB,Hospitality,13,20250123
799,CUST-000799,Romero Group,SMB,Education,5,20241122
800,CUST-000800,Lopez PLC,Enterprise,Healthcare,1,20241216
801,CUST-000801,Miller-Munoz,SMB,Government,13,20250502
802,CUST-000802,Ferguson-Garrison,Mid-Market,Healthcare,12,20250505
803,CUST-000803,"Welch, Todd and Hensley",SMB,Hospitality,4,20240711
804,CUST-000804,Warren-Davis,Enterprise,Retail,2,20241222
805,CUST-000805,"Howard, Sheppard and Anderson",Public Sector,Hospitality,8,20240909
806,CUST-000806,Cabrera-Beasley,Enterprise,Manufacturing,3,20250503
807,CUST-000807,Fry-Park,SMB,Education,6,20240707
808,CUST-000808,"Ortiz, Hawkins and Hart",SMB,Education,14,20250515
809,CUST-000809,Caldwell-Guzman,Public Sector,Government,14,20250304
810,CUST-000810,Jefferson-Thomas,SMB,Healthcare,5,20250304
811,CUST-000811,"Rivera, Knight and Lucas",Mid-Market,Retail,13,20250314
812,CUST-000812,Thomas Inc,Mid-Market,Healthcare,2,20241029
813,CUST-000813,Williams PLC,Enterprise,Manufacturing,6,20250412
814,CUST-000814,Baker Group,SMB,Logistics,11,20250305
815,CUST-000815,"Crane, Douglas and Schroeder",SMB,Hospitality,14,20250316
816,CUST-000816,Russell Group,Mid-Market,Logistics,11,20241215
817,CUST-000817,Holt-Faulkner,SMB,Logistics,13,20250513
818,CUST-000818,"Collins, Wilcox and Thompson",Public Sector,Education,14,20240811
819,CUST-000819,"Freeman, Vargas and Meadows",Enterprise,Healthcare,1,20250528
820,CUST-000820,"Adams, Branch and Randolph",SMB,Manufacturing,1,20240720
821,CUST-000821,Butler and Sons,Mid-Market,Healthcare,6,20250422
822,CUST-000822,"Perez, Price and Cole",SMB,Retail,5,20250119
823,CUST-000823,Greene PLC,SMB,Logistics,12,20250505
824,CUST-000824,Jones-Johnson,Public Sector,Logistics,1,20241012
825,CUST-000825,Ramsey-Murray,Enterprise,Education,6,20241008
826,CUST-000826,Butler-Wong,SMB,Manufacturing,8,20240629
827,CUST-000827,Lawson Inc,Enterprise,Manufacturing,8,20240711
828,CUST-000828,Campbell and Sons,Mid-Market,Government,7,20250301
829,CUST-000829,Cortez and Sons,SMB,Government,9,20250420
830,CUST-000830,Wright Inc,SMB,Hospitality,5,20250224
831,CUST-000831,"Daniels, Smith and Johnson",Mid-Market,Manufacturing,11,20241201
832,CUST-000832,"Kemp, Garcia and Patel",Mid-Market,Healthcare,3,20241111
833,CUST-000833,Barr-Cole,SMB,Logistics,6,20250526
834,CUST-000834,Lee Inc,Mid-Market,Government,7,20250327
835,CUST-000835,Gardner Inc,SMB,Manufacturing,14,20241226
836,CUST-000836,"Miller, Moss and Kim",SMB,Manufacturing,10,20241125
837,CUST-000837,Collins LLC,Public Sector,Education,13,20250425
838,CUST-000838,Harris Group,Mid-Market,Manufacturing,11,20250511
839,CUST-000839,Benton-Rojas,Enterprise,Manufacturing,2,20240908
840,CUST-000840,"Hill, Morgan and Mccall",Enterprise,Manufacturing,4,20241014
841,CUST-000841,Thomas-Beasley,Mid-Market,Government,7,20250502
842,CUST-000842,"Shaffer, Hall and Acosta",Mid-Market,Logistics,1,20241226
843,CUST-000843,Ross-Orozco,Public Sector,Retail,6,20250521
844,CUST-000844,"Ramirez, Marsh and Adams",Public Sector,Manufacturing,5,20240601
845,CUST-000845,Little-Beasley,SMB,Education,7,20250526
846,CUST-000846,Castillo-Vaughan,Mid-Market,Manufacturing,6,20250424
847,CUST-000847,Tucker LLC,Mid-Market,Government,13,20240627
848,CUST-000848,Abbott-Hampton,Mid-Market,Education,11,20240925
849,CUST-000849,"Joseph, Burgess and Chang",SMB,Education,8,20250224
850,CUST-000850,Wilkinson-Garcia,Enterprise,Manufacturing,10,20250127
851,CUST-000851,Brown-Richards,Enterprise,Healthcare,9,20241019
852,CUST-000852,Craig Inc,SMB,Retail,3,20250114
853,CUST-000853,Garcia-Palmer,Mid-Market,Government,6,20240618
854,CUST-000854,Mills Group,SMB,Healthcare,3,20241023
855,CUST-000855,Rojas-Gay,Enterprise,Healthcare,12,20240605
856,CUST-000856,Wright and Sons,Enterprise,Education,4,20240711
857,CUST-000857,Wilson Ltd,SMB,Hospitality,11,20250306
858,CUST-000858,Boyd LLC,Mid-Market,Education,1,20241216
859,CUST-000859,"Cox, Hodges and Zimmerman",SMB,Healthcare,2,20250517
860,CUST-000860,"Jones, Zavala and Hill",SMB,Logistics,9,20250117
861,CUST-000861,"Porter, Ortega and Holt",SMB,Education,4,20240705
862,CUST-000862,Davenport PLC,Mid-Market,Hospitality,2,20250421
863,CUST-000863,Guzman-Smith,Enterprise,Government,7,20250110
864,CUST-000864,Nguyen Ltd,SMB,Logistics,6,20241015
865,CUST-000865,Hayes-Little,Enterprise,Logistics,7,20241229
866,CUST-000866,Smith Group,Public Sector,Government,10,20241020
867,CUST-000867,Turner-Greer,Enterprise,Logistics,5,20241224
868,CUST-000868,Roberts-Cook,Enterprise,Hospitality,9,20241210
869,CUST-000869,Davis LLC,Mid-Market,Government,2,20250130
870,CUST-000870,"Dorsey, Evans and Fernandez",Mid-Market,Healthcare,11,20241021
871,CUST-000871,Taylor-Cole,Mid-Market,Hospitality,5,20250103
872,CUST-000872,Frost-Gibson,SMB,Logistics,8,20240813
873,CUST-000873,Richards-Jensen,SMB,Retail,4,20241118
874,CUST-000874,"Jimenez, Aguilar and White",Mid-Market,Hospitality,13,20240630
875,CUST-000875,"Lopez, Calhoun and Simmons",SMB,Hospitality,12,20250508
876,CUST-000876,"Davis, Freeman and Greene",SMB,Logistics,14,20240724
877,CUST-000877,Davis LLC,Mid-Market,Healthcare,12,20250327
878,CUST-000878,Graham-Robinson,SMB,Government,10,20240724
879,CUST-000879,"Rodriguez, Page and Garcia",Mid-Market,Government,9,20240923
880,CUST-000880,Mcdonald Inc,SMB,Retail,6,20241223
881,CUST-000881,Lindsey-Rangel,Public Sector,Healthcare,5,20241223
882,CUST-000882,"Kramer, Lopez and Rivera",SMB,Healthcare,2,20250426
883,CUST-000883,Bishop Group,Public Sector,Manufacturing,5,20241017
884,CUST-000884,"Brock, Sanchez and Long",SMB,Logistics,14,20250529
885,CUST-000885,"Evans, Mcbride and Faulkner",Mid-Market,Healthcare,2,20250203
886,CUST-000886,Watson-Duncan,Mid-Market,Government,8,20240908
887,CUST-000887,Carr-Dominguez,SMB,Government,4,20250224
888,CUST-000888,Wallace-Burns,Mid-Market,Healthcare,1,20241007
889,CUST-000889,Murphy LLC,Enterprise,Hospitality,12,20241109
890,CUST-000890,Hernandez-Porter,Mid-Market,Government,5,20240921
891,CUST-000891,"King, Martinez and Conley",Enterprise,Hospitality,14,20241212
892,CUST-000892,Ochoa-Russell,Mid-Market,Hospitality,14,20240831
893,CUST-000893,Marsh Ltd,Public Sector,Logistics,5,20241119
894,CUST-000894,Hall Ltd,Mid-Market,Healthcare,2,20240910
895,CUST-000895,"Bennett, Snyder and Rich",Mid-Market,Retail,5,20240920
896,CUST-000896,Wright-Williams,SMB,Logistics,3,20250114
897,CUST-000897,"Good, Smith and Young",Mid-Market,Logistics,14,20250119
898,CUST-000898,Lee-Estrada,Public Sector,Manufacturing,2,20250412
899,CUST-000899,Barron-Hernandez,Mid-Market,Government,8,20250312
900,CUST-000900,Johnson-Alvarez,SMB,Education,4,20250506
901,CUST-000901,Stanley-Holmes,Enterprise,Healthcare,7,20250403
902,CUST-000902,"Robinson, Coleman and Wood",Enterprise,Retail,3,20250404
903,CUST-000903,Simon-Jackson,Mid-Market,Healthcare,1,20241011
904,CUST-000904,"Thomas, Wilson and Parker",Public Sector,Retail,7,20250102
905,CUST-000905,"Garrett, Moore and Beasley",Mid-Market,Manufacturing,2,20250530
906,CUST-000906,"Ryan, Harvey and Griffin",SMB,Healthcare,4,20250126
907,CUST-000907,Smith and Sons,SMB,Retail,13,20250319
908,CUST-000908,"Moore, Rodriguez and Miller",SMB,Education,7,20241117
909,CUST-000909,"Wilson, Garrett and Acosta",Mid-Market,Manufacturing,7,20250419
910,CUST-000910,Alexander LLC,SMB,Education,14,20241218
911,CUST-000911,Torres Inc,Public Sector,Logistics,10,20250517
912,CUST-000912,"Williams, Anderson and Gill",Public Sector,Retail,6,20250320
913,CUST-000913,"Jones, Smith and Myers",SMB,Manufacturing,6,20250523
914,CUST-000914,Sparks Ltd,SMB,Retail,8,20250206
915,CUST-000915,"Harris, Harris and Ayers",SMB,Logistics,5,20241028
916,CUST-000916,"Robinson, Villegas and Pacheco",Mid-Market,Government,8,20240614
917,CUST-000917,Kennedy Ltd,Public Sector,Logistics,1,20240802
918,CUST-000918,"Carter, Everett and Davis",Mid-Market,Healthcare,5,20241226
919,CUST-000919,Baker Inc,SMB,Healthcare,13,20240603
920,CUST-000920,"Grant, Luna and Washington",SMB,Education,14,20250528
921,CUST-000921,"Robinson, Smith and Peterson",SMB,Hospitality,8,20241026
922,CUST-000922,Clayton-Nelson,Public Sector,Logistics,4,20241026
923,CUST-000923,Ryan Inc,Enterprise,Government,1,20240712
924,CUST-000924,Fleming Group,Mid-Market,Retail,4,20240731
925,CUST-000925,Klein-Hall,SMB,Retail,8,20240818
926,CUST-000926,"Rhodes, Johnson and Vasquez",Mid-Market,Healthcare,12,20250130
927,CUST-000927,Ross-Nichols,SMB,Government,10,20250221
928,CUST-000928,Beard and Sons,Public Sector,Education,12,20250104
929,CUST-000929,Lowe-Wagner,SMB,Retail,7,20240827
930,CUST-000930,Lawrence-Crawford,Public Sector,Education,5,20240730
931,CUST-000931,Graham PLC,SMB,Hospitality,9,20250417
932,CUST-000932,Hunter-Brooks,Mid-Market,Manufacturing,12,20250303
933,CUST-000933,Fuller-Bishop,Mid-Market,Government,8,20241004
934,CUST-000934,"Duncan, Johnson and Brown",Enterprise,Retail,13,20241002
935,CUST-000935,"Kirk, Davis and Cochran",SMB,Healthcare,7,20240715
936,CUST-000936,"Larsen, Day and Briggs",SMB,Healthcare,6,20250417
937,CUST-000937,Mckinney-Pearson,Mid-Market,Hospitality,1,20250112
938,CUST-000938,Fields Ltd,SMB,Logistics,1,20241103
939,CUST-000939,Wright-Morris,SMB,Healthcare,9,20240626
940,CUST-000940,"Johnson, Fitzpatrick and Armstrong",Enterprise,Manufacturing,13,20250501
941,CUST-000941,Martinez-Montgomery,Enterprise,Healthcare,6,20241217
942,CUST-000942,"Coleman, Dean and Griffith",Enterprise,Hospitality,11,20250303
943,CUST-000943,"Kelly, Hardy and Fleming",Mid-Market,Education,4,20250520
944,CUST-000944,Shepard LLC,Mid-Market,Hospitality,6,20240707
945,CUST-000945,"Mitchell, Freeman and Booker",Mid-Market,Government,11,20241029
946,CUST-000946,Yates-Diaz,SMB,Government,2,20241101
947,CUST-000947,Kelly-Wood,Enterprise,Logistics,1,20250411
948,CUST-000948,"Woods, Carlson and Martin",SMB,Government,2,20250204
949,CUST-000949,"Gomez, Holmes and White",Public Sector,Education,1,20240605
950,CUST-000950,Park-Hernandez,SMB,Education,7,20250313
951,CUST-000951,Castro-Barr,Mid-Market,Healthcare,9,20240903
952,CUST-000952,Smith-Green,Enterprise,Government,10,20241211
953,CUST-000953,"Adkins, Hall and Hernandez",Mid-Market,Manufacturing,4,20241205
954,CUST-000954,Campbell-Johnson,SMB,Logistics,1,20250324
955,CUST-000955,Tanner-Wise,Mid-Market,Logistics,7,20240804
956,CUST-000956,Koch PLC,SMB,Education,1,20240821
957,CUST-000957,Mendoza-Davidson,Mid-Market,Government,9,20240901
958,CUST-000958,"Cortez, Johnson and Morales",Public Sector,Manufacturing,3,20250210
959,CUST-000959,"Howard, Evans and Smith",Public Sector,Retail,3,20250219
960,CUST-000960,Reed PLC,Mid-Market,Logistics,6,20250418
961,CUST-000961,Allen LLC,SMB,Education,12,20250320
962,CUST-000962,Freeman-Hoover,Public Sector,Education,1,20250207
963,CUST-000963,Anderson-Garner,Public Sector,Government,14,20240719
964,CUST-000964,Ballard-Leonard,Enterprise,Healthcare,9,20240617
965,CUST-000965,"Pope, White and Davis",SMB,Hospitality,2,20250117
966,CUST-000966,"Rogers, Johnson and Lee",SMB,Government,8,20240919
967,CUST-000967,Henry Inc,SMB,Hospitality,11,20241015
968,CUST-000968,Montgomery-Chavez,Mid-Market,Logistics,11,20250401
969,CUST-000969,"Scott, Burke and Atkins",Enterprise,Retail,10,20240711
970,CUST-000970,Nguyen-Curtis,Public Sector,Healthcare,3,20250413
971,CUST-000971,Nichols-Farrell,Enterprise,Retail,11,20250415
972,CUST-000972,Beck-Lloyd,Mid-Market,Government,6,20240906
973,CUST-000973,Ramos LLC,SMB,Government,13,20241002
974,CUST-000974,"Owens, Wood and Davis",Public Sector,Logistics,9,20241025
975,CUST-000975,"Smith, Wallace and Day",Mid-Market,Manufacturing,7,20241106
976,CUST-000976,Mathews-Mcintyre,SMB,Logistics,7,20241130
977,CUST-000977,Potter and Sons,Mid-Market,Logistics,9,20250131
978,CUST-000978,Smith and Sons,SMB,Government,3,20250329
979,CUST-000979,Lowe-Rivera,SMB,Manufacturing,9,20240725
980,CUST-000980,Porter-Taylor,Enterprise,Logistics,12,20250520
981,CUST-000981,Cooper-Romero,Enterprise,Retail,9,20240907
982,CUST-000982,"Hodges, Herman and Robbins",Public Sector,Retail,1,20241204
983,CUST-000983,Shaffer Ltd,Mid-Market,Government,12,20240713
984,CUST-000984,Carney Ltd,Mid-Market,Education,3,20241213
985,CUST-000985,Woods PLC,Mid-Market,Healthcare,1,20241125
986,CUST-000986,Harris Inc,Public Sector,Hospitality,14,20240715
987,CUST-000987,"Williamson, Baldwin and Smith",Public Sector,Manufacturing,8,20250201
988,CUST-000988,Scott Group,SMB,Hospitality,14,20250326
989,CUST-000989,Harris Ltd,SMB,Healthcare,9,20241223
990,CUST-000990,"Cordova, Adams and Grimes",Mid-Market,Logistics,8,20241031
991,CUST-000991,"Vaughn, Garcia and Thornton",SMB,Manufacturing,1,20241124
992,CUST-000992,Moreno-Flowers,Mid-Market,Manufacturing,2,20241001
993,CUST-000993,Smith LLC,Enterprise,Logistics,7,20250205
994,CUST-000994,Miller-Chen,Enterprise,Government,8,20240808
995,CUST-000995,Gilbert-Gomez,Mid-Market,Logistics,5,20240811
996,CUST-000996,Rogers LLC,SMB,Manufacturing,13,20250524
997,CUST-000997,"Bean, Barrett and Lewis",Enterprise,Healthcare,8,20250409
998,CUST-000998,"Wilkinson, Scott and Boyd",Mid-Market,Healthcare,6,20240907
999,CUST-000999,Peterson-Bartlett,Public Sector,Retail,10,20240712
1000,CUST-001000,Burke-Warren,Mid-Market,Manufacturing,8,20240802
